model,question,answer,duration_sec
gpt-3.5-turbo,"Привет, что ты умеешь?","Привет! Я могу помочь с различными задачами, такими как:

1. Ответы на вопросы по различным темам.
2. Объяснение понятий и идей.
3. Помощь с написанием текстов, статей и эссе.
4. Предоставление советов по учебе и саморазвитию.
5. Помощь в изучении языков.
6. Генерация идей и креативных решений.

Если у тебя есть конкретный вопрос или задача, не стесняйся, спрашивай!",3.9342570999870077
gpt-3.5-turbo,А какая средняя цена на видеокарты с поддержкой 4к?,"Средняя цена на видеокарты с поддержкой 4K может варьироваться в зависимости от модели, производителя и текущих рыночных условий. На октябрь 2023 года, цены на видеокарты с поддержкой 4K обычно находятся в диапазоне от 300 до 1500 долларов США и выше.

Более доступные модели, такие как NVIDIA GeForce RTX 3060 или AMD Radeon RX 6600 XT, могут стоить около 300-500 долларов. В то же время более мощные решения, такие как NVIDIA GeForce RTX 3080 или AMD Radeon RX 6800 XT, могут стоить от 700 до 1200 долларов и выше.

Важно также учитывать, что цены могут изменяться из-за спроса, наличия на складе и других факторов. Рекомендуется проверять актуальные предложения в магазинах и онлайн-платформах.",4.042360799969174
gpt-3.5-turbo,"Мне нужен игровой ПК, чтобы видеокарта поддерживала 4к, мой бюджет 200к","Собрать игровой ПК с поддержкой 4K в бюджете 200 000 рублей — вполне реальная задача. Вот пример конфигурации, которая подойдет для игр в 4K:

### Процессор:
- **AMD Ryzen 7 5800X** или **Intel Core i7-12700K**
  Оба процессора обеспечивают отличную производительность в играх и многозадачности.

### Видеокарта:
- **NVIDIA GeForce RTX 3080** или **AMD Radeon RX 6800 XT**
  Эти видеокарты отлично справляются с играми в 4K и поддерживают современные технологии, такие как трассировка лучей.

### Материнская плата:
- **Для AMD:** ASUS ROG Strix B550-F Gaming
- **Для Intel:** MSI MAG B660M Mortar WiFi
  Выбирайте материнскую плату в зависимости от выбранного процессора.

### Оперативная память:
- **32 ГБ DDR4 3200 МГц** (например, Corsair Vengeance или G.Skill Ripjaws)
  Для современных игр 32 ГБ будет более чем достаточно.

### Накопитель:
- **SSD на 1 ТБ NVMe** (например, Samsung 970 EVO или WD Black SN750)
  Быстрый SSD значительно ускорит загрузку игр и системы.

### Блок пит",11.962324299965985
gpt-4o,"Привет, что ты умеешь?","Привет! Я умею отвечать на вопросы, предоставлять информацию по различным темам, помогать с решением задач, давать советы, а также поддерживать беседу на разные темы. Если у тебя есть конкретный вопрос или задача, с которой нужна помощь, не стесняйся спрашивать!",2.961491800029762
gpt-4o,А какая средняя цена на видеокарты с поддержкой 4к?,"Средняя цена на видеокарты с поддержкой 4K может значительно варьироваться в зависимости от модели, производителя и региона. На момент моего последнего обновления в 2023 году, видеокарты, способные обеспечивать комфортную работу в 4K-разрешении, обычно относятся к среднему и высокому ценовым сегментам.

1. **Средний сегмент**: Видеокарты, такие как NVIDIA GeForce RTX 3060 или AMD Radeon RX 6700 XT, могут стоить от 300 до 500 долларов США в зависимости от конкретной модели и производителя.

2. **Высокий сегмент**: Более мощные модели, такие как NVIDIA GeForce RTX 3080 или AMD Radeon RX 6800 XT, могут стоить от 700 до 1000 долларов США и выше.

3. **Премиум сегмент**: Самые топовые модели, такие как NVIDIA GeForce RTX 4090 или AMD Radeon RX 7900 XTX, могут стоить от 1000 долларов США и выше.

Цены могут изменяться в зависимости от спроса, доступности и экономической ситуации. Рекомендую проверять актуальные цены в интернет-магазинах или у официальных ритейлеров в вашем регионе для получе",4.788462700031232
gpt-4o,"Мне нужен игровой ПК, чтобы видеокарта поддерживала 4к, мой бюджет 200к","С бюджетом в 200,000 рублей вы можете собрать мощный игровой ПК, который будет поддерживать разрешение 4K. Вот примерная конфигурация, которая может подойти:

1. **Процессор (CPU):**
   - AMD Ryzen 7 5800X или Intel Core i7-12700K. Оба процессора обеспечивают отличную производительность в играх и многозадачности.

2. **Видеокарта (GPU):**
   - NVIDIA GeForce RTX 3080 или AMD Radeon RX 6800 XT. Эти видеокарты отлично подходят для игр в 4K.

3. **Оперативная память (RAM):**
   - 32 ГБ DDR4 с частотой 3200 МГц или выше. Это обеспечит плавную работу системы и игр.

4. **Накопитель (SSD):**
   - NVMe SSD на 1 ТБ для операционной системы и основных игр. Например, Samsung 970 EVO Plus или аналогичный.

5. **Материнская плата:**
   - Для AMD: B550 или X570 чипсет.
   - Для Intel: Z690 чипсет.
   - Выбирайте материнскую плату с хорошими отзывами и необходимыми вам портами и функциями.

6. **Блок питания (PSU):**
   - 750-850 Вт с сертификацией 80 Plus Gold. Это обеспечит стабильную работу систе",9.411067400011234
gpt-4o-mini,"Привет, что ты умеешь?","Привет! Я могу помочь с различными задачами, такими как:

1. Ответы на вопросы по различным темам.
2. Объяснение понятий и идей.
3. Помощь с учебными заданиями.
4. Генерация текстов, включая статьи, рассказы и стихи.
5. Предоставление советов по написанию и редактированию.
6. Информация о текущих событиях и новостях (до октября 2023 года).
7. И многое другое!

Если у тебя есть конкретный вопрос или задача, не стесняйся спрашивать!",2.9894875999889337
gpt-4o-mini,А какая средняя цена на видеокарты с поддержкой 4к?,"На момент октября 2023 года средняя цена на видеокарты с поддержкой 4K может варьироваться в зависимости от модели, производителя и характеристик. В общем, цены на такие видеокарты могут начинаться от примерно 300-400 долларов США для более бюджетных моделей и достигать 1000 долларов и выше для высокопроизводительных решений, таких как NVIDIA GeForce RTX 3080, 3090 или AMD Radeon RX 6800 XT и выше.

Важно учитывать, что цены на видеокарты могут сильно колебаться из-за спроса, наличия на рынке и других факторов, таких как глобальные цепочки поставок. Рекомендуется проверять актуальные цены у различных ритейлеров и на специализированных сайтах для получения наиболее точной информации.",3.360683800012339
gpt-4o-mini,"Мне нужен игровой ПК, чтобы видеокарта поддерживала 4к, мой бюджет 200к","С учетом вашего бюджета в 200,000 рублей и требования к поддержке 4K, я могу предложить вам конфигурацию игрового ПК, которая обеспечит отличную производительность в современных играх на разрешении 4K. Вот примерный список компонентов:

### Процессор:
- **AMD Ryzen 7 5800X** или **Intel Core i7-12700K**
Оба процессора обеспечивают отличную производительность в играх и многозадачности.

### Видеокарта:
- **NVIDIA GeForce RTX 3080** или **AMD Radeon RX 6800 XT**
Обе видеокарты отлично справляются с играми в 4K и поддерживают современные технологии, такие как трассировка лучей.

### Материнская плата:
- Для Ryzen: **MSI B550 Gaming Edge WiFi** или аналогичная
- Для Intel: **ASUS TUF Gaming Z690-Plus WiFi** или аналогичная
Выбирайте материнскую плату в зависимости от выбранного процессора.

### Оперативная память:
- **32 ГБ DDR4 (2x16 ГБ) 3200 МГц или 3600 МГц**
Этого объема будет достаточно для большинства современных игр и многозадачности.

### Накопитель:
- **SSD 1 ТБ NVMe** (",14.14049049996538
