name,price,type,color,psu,side_panel,external_525_bays,internal_35_bays
Corsair 4000D Airflow,8999.0,ATX Mid Tower,Black,,Tinted Tempered Glass,0,2
NZXT H5 Flow,9499.0,ATX Mid Tower,Black,,Tempered Glass,0,1
Lian Li O11 Dynamic EVO,15490.0,ATX Mid Tower,White / Gray,,Tempered Glass,0,6
Deepcool CC560,5898.0,ATX Mid Tower,Black,,Tempered Glass,0,2
Lian Li O11 Dynamic EVO,15499.0,ATX Mid Tower,Black,,Tinted Tempered Glass,0,6
NZXT H9 Flow,16698.0,ATX Mid Tower,White,,Tempered Glass,0,2
Corsair iCUE 4000X RGB,11999.0,ATX Mid Tower,Black,,Tempered Glass,0,2
NZXT H5 Flow,7998.0,ATX Mid Tower,White,,Tempered Glass,0,1
Fractal Design North,12897.999999999998,ATX Mid Tower,Black,,Tempered Glass,0,2
Thermaltake Versa H18,4399.0,MicroATX Mini Tower,Black,,Tempered Glass,0,2
Corsair 4000D Airflow,8999.0,ATX Mid Tower,White,,Tinted Tempered Glass,0,2
Fractal Design Pop Air,7998.999999999999,ATX Mid Tower,Black,,Tempered Glass,2,2
Phanteks Eclipse G360A,7998.999999999999,ATX Mid Tower,Black,,Tempered Glass,0,2
NZXT H9 Flow,15999.0,ATX Mid Tower,Black,,Tempered Glass,0,2
Lian Li LANCOOL 216,8999.0,ATX Mid Tower,Black,,Tempered Glass,0,2
Corsair 5000D AIRFLOW,13999.0,ATX Mid Tower,Black,,Tempered Glass,0,2
Lian Li O11 Dynamic Mini Snow Edition,11499.0,ATX Mid Tower,White,,Tempered Glass,0,2
NZXT H7 Flow,12999.0,ATX Mid Tower,Black,,Tempered Glass,0,2
Lian Li PC-O11 Dynamic,11999.0,ATX Full Tower,Black,,Tempered Glass,0,3
Deepcool MACUBE 110,4999.0,MicroATX Mini Tower,Black,,Tempered Glass,0,2
Fractal Design Pop Air RGB,8999.0,ATX Mid Tower,Black,,Tempered Glass,2,2
MagniumGear Neo Micro V2,3499.0,MicroATX Mid Tower,Black,,Tempered Glass,0,2
Cooler Master MasterBox Q300L,3999.0,MicroATX Mini Tower,Black,,Acrylic,0,1
HYTE Y60,19999.0,ATX Mid Tower,White / Black,,Tempered Glass,0,2
Fractal Design Pop Mini Air,8999.0,MicroATX Mid Tower,Black,,Tempered Glass,2,2
NZXT H510 Flow,9498.0,ATX Mid Tower,White,,Tempered Glass,0,3
Cooler Master MasterBox NR200,6998.999999999999,Mini ITX Desktop,Black,,,0,2
Corsair 7000D AIRFLOW,20499.0,ATX Full Tower,Black,,Tempered Glass,0,6
Asus Prime AP201,7498.999999999999,MicroATX Mini Tower,Black,,Mesh,0,3
Fractal Design Pop XL Air,10999.0,ATX Full Tower,Black,,Tempered Glass,2,3
Lian Li O11 Dynamic Mini,9200.0,ATX Mid Tower,Black,,Tempered Glass,0,2
Fractal Design Meshify C,9999.0,ATX Mid Tower,Black,,Tinted Tempered Glass,0,2
Montech X3 Mesh,5999.0,ATX Mid Tower,Black,,Tempered Glass,0,2
NZXT H510,8900.0,ATX Mid Tower,Black,,Tempered Glass,0,2
Corsair iCUE 4000X RGB,12999.0,ATX Mid Tower,White,,Tempered Glass,0,2
Lian Li LANCOOL 216,9699.0,ATX Mid Tower,Black,,Tempered Glass,0,2
Deepcool MATREXX 40 3FS,4999.0,MicroATX Mini Tower,Black,,Tempered Glass,0,2
Fractal Design North,12798.0,ATX Mid Tower,White,,Tempered Glass,0,2
Montech AIR 100 ARGB,7998.0,MicroATX Mid Tower,White,,Tempered Glass,0,2
Cooler Master MasterBox NR200P,14499.0,Mini ITX Desktop,Black,,Tempered Glass,0,2
Deepcool CH370,6198.0,MicroATX Mid Tower,Black,,Tempered Glass,0,2
HYTE Y60,19599.0,ATX Mid Tower,Black,,Tempered Glass,0,2
NZXT H9 Elite,23999.0,ATX Mid Tower,White,,Tempered Glass,0,2
Lian Li LANCOOL 216,10399.0,ATX Mid Tower,White,,Tempered Glass,0,2
Lian Li O11 Air Mini,10999.0,ATX Mid Tower,Black,,Tempered Glass,0,4
Lian Li LANCOOL 215,9449.0,ATX Mid Tower,Black,,Tempered Glass,0,2
Fractal Design Pop Air,8999.0,ATX Mid Tower,White,,Tempered Glass,2,2
Lian Li PC-O11 Dynamic,11999.0,ATX Full Tower,White,,Tempered Glass,0,3
Fractal Design Focus 2 RGB,5398.0,ATX Mid Tower,Black,,Tempered Glass,0,2
BitFenix Nova Mesh M ARGB,5900.0,MicroATX Mini Tower,Black,,Tempered Glass,0,2
be quiet! Pure Base 500DX,8990.0,ATX Mid Tower,Black,,Tempered Glass,0,2
Deepcool CC560,6198.0,ATX Mid Tower,White / Black,,Tempered Glass,0,2
Fractal Design Torrent,12798.0,ATX Mid Tower,Black,,Tinted Tempered Glass,0,2
NZXT H5 Elite,13999.0,ATX Mid Tower,Black,,Tempered Glass,0,1
Corsair iCUE 4000D RGB AIRFLOW,12099.0,ATX Mid Tower,Black,,Tempered Glass,0,2
Zalman S2,5499.0,ATX Mid Tower,Black,,Acrylic,0,2
Lian Li LANCOOL 205M MESH,9499.0,MicroATX Mini Tower,Black,,Tempered Glass,0,2
Fractal Design Pop Mini Air,8999.0,MicroATX Mid Tower,White,,Tempered Glass,2,2
Fractal Design Focus G,6498.0,ATX Mid Tower,Black,,Acrylic,2,2
Thermaltake Versa H17,3999.0,MicroATX Mini Tower,Black,,,0,2
NZXT H9 Elite,23999.0,ATX Mid Tower,Black,,Tempered Glass,0,2
Corsair iCUE 7000X RGB,29999.0,ATX Full Tower,Black,,Tempered Glass,0,6
Fractal Design Core 1000 USB 3.0,3797.9999999999995,MicroATX Mid Tower,Black,,,2,2
Lian Li A4-H20 X4,15299.0,Mini ITX Desktop,Black,,Mesh,0,0
NZXT H510 Elite,10999.0,ATX Mid Tower,White / Black,,Tempered Glass,0,2
Lian Li LANCOOL III RGB,14294.0,ATX Mid Tower,Black,,Tempered Glass,0,4
NZXT H7 Flow,12999.0,ATX Mid Tower,White,,Tempered Glass,0,2
Deepcool MACUBE 110,4999.0,MicroATX Mini Tower,White,,Tempered Glass,0,2
Deepcool MATREXX 50 ADD-RGB 4F,8598.0,ATX Mid Tower,Black,,Tempered Glass,0,2
Phanteks Enthoo Elite,89999.0,ATX Full Tower,Black,,Tinted Tempered Glass,1,6
Fractal Design North,12897.999999999998,ATX Mid Tower,Black,,Mesh,0,2
HYTE Y40,14899.0,ATX Mid Tower,Black,,Tempered Glass,0,1
Deepcool MATREXX 40,4599.0,MicroATX Mini Tower,Black,,Tempered Glass,0,2
Thermaltake Level 20,59999.0,ATX Full Tower,Black / Silver,,Tempered Glass,0,8
Fractal Design North,12798.0,ATX Mid Tower,White,,Mesh,0,2
Corsair iCUE 5000X RGB,17999.0,ATX Mid Tower,Black,,Tempered Glass,0,2
Cooler Master MasterBox TD500 Mesh w/ Controller,12999.0,ATX Mid Tower,Black,,Tempered Glass,0,2
NZXT H5 Elite,13999.0,ATX Mid Tower,White,,Tempered Glass,0,1
NZXT H5 Flow RGB,10999.0,ATX Mid Tower,Black,,Tempered Glass,0,1
Deepcool CH370,6198.0,MicroATX Mid Tower,White,,Tempered Glass,0,2
Fractal Design Meshify 2,15999.0,ATX Mid Tower,Black,,Tinted Tempered Glass,0,6
Phanteks Eclipse P400A Digital,6998.999999999999,ATX Mid Tower,Black,,Tempered Glass,0,2
Corsair Obsidian Series 1000D,50258.0,ATX Full Tower,Black,,Tempered Glass,0,5
MSI MAG FORGE 100R,11881.0,ATX Mid Tower,Black,,Tempered Glass,0,2
Lian Li O11D XL-X,19999.0,ATX Full Tower,Black,,Tempered Glass,0,4
Asus Prime AP201,7998.0,MicroATX Mini Tower,White,,Mesh,0,3
Asus ROG Strix Helios,29900.0,ATX Full Tower,Black,,Tempered Glass,0,2
Corsair Carbide Series 175R RGB,7948.0,ATX Mid Tower,Black,,Tempered Glass,0,2
Antec NX410,6998.999999999999,ATX Mid Tower,Black,,Tempered Glass,0,2
Cooler Master MasterBox NR200,6998.999999999999,Mini ITX Desktop,White / Black,,,0,2
Deepcool CG560,6998.999999999999,ATX Mid Tower,Black,,Tempered Glass,0,2
Cooler Master MasterBox NR200P,8999.0,Mini ITX Desktop,White / Black,,Tempered Glass,0,2
MagniumGear Neo Micro V2,3499.0,MicroATX Mid Tower,Silver / Black,,Tempered Glass,0,2
HYTE Y40,14899.0,ATX Mid Tower,White / Black,,Tempered Glass,0,1
Fractal Design Define R5,12499.0,ATX Mid Tower,Black,,,2,8
Phanteks Eclipse P400A,5999.0,ATX Mid Tower,Black,,Tempered Glass,0,2
Thermaltake Core V1,3999.0,Mini ITX Desktop,Black,,,0,2
Phanteks Enthoo Pro,9499.0,ATX Full Tower,Black,,Acrylic,3,6
Aerocool Cylon,5399.0,ATX Mid Tower,Black,,Acrylic,0,2
Deepcool CK560,8999.0,ATX Mid Tower,Black,,Tempered Glass,0,2
BitFenix Nova Mesh SE,6490.000000000001,ATX Mid Tower,Black,,Tempered Glass,0,2
SAMA IM01,5397.0,MicroATX Mini Tower,Black,,,0,5
Fractal Design Pop XL Air,10999.0,ATX Full Tower,White,,Tempered Glass,2,3
Montech SKY TWO,11490.0,ATX Mid Tower,White,,Tempered Glass,0,2
MagniumGear Neo Mini V2,2999.0,Mini ITX Desktop,Black,,Tempered Glass,0,1
Montech SKY TWO,9499.0,ATX Mid Tower,Black,,Tempered Glass,0,2
NZXT H5 Flow RGB,10999.0,ATX Mid Tower,White,,Tempered Glass,0,1
Lian Li LANCOOL III,14999.0,ATX Mid Tower,Black,,Tempered Glass,0,4
DIYPC F2,4498.0,MicroATX Mini Tower,White,,Acrylic,0,2
Phanteks Eclipse G360A,8999.0,ATX Mid Tower,White,,Tempered Glass,0,2
Cooler Master MasterBox TD500 Mesh White w/ Controller,12256.0,ATX Mid Tower,White,,Tempered Glass,0,2
Lian Li O11 Air Mini,11900.0,ATX Mid Tower,White,,Tempered Glass,0,4
Zalman T6,4999.0,ATX Mid Tower,Black,,,1,2
be quiet! Pure Base 500 FX,14990.0,ATX Mid Tower,Black,,Tempered Glass,0,2
MSI MPG GUNGNIR 110R,10999.0,ATX Mid Tower,Black,,Tempered Glass,0,2
Fractal Design Focus 2,7998.0,ATX Mid Tower,Black,,Tempered Glass,0,2
Lian Li O11D XL-W,19999.0,ATX Full Tower,White / Black,,Tempered Glass,0,4
Cooler Master MasterBox NR600 (w/o ODD),9999.0,ATX Mid Tower,Black,,Tempered Glass,0,4
NZXT H510i,8599.0,ATX Mid Tower,White,,Tempered Glass,0,2
Fractal Design Meshify C,9999.0,ATX Mid Tower,Black,,Tempered Glass,0,2
Phanteks NV7,22698.0,ATX Full Tower,White,,Tempered Glass,0,2
Lian Li A4-H20 A4,15116.0,Mini ITX Desktop,Silver / Black,,Mesh,0,0
BitFenix Nova Mesh M ARGB,5900.0,MicroATX Mini Tower,White,,Tempered Glass,0,2
Corsair iCUE 5000D RGB AIRFLOW,17499.0,ATX Mid Tower,Black,,Tempered Glass,0,2
Thermaltake Versa H21,5499.0,ATX Mid Tower,Black,,,3,3
Corsair iCUE 4000D RGB AIRFLOW,11999.0,ATX Mid Tower,White,,Tempered Glass,0,2
Rosewill PRISM S500,5997.0,ATX Mid Tower,Black,,Tempered Glass,0,3
Cougar MX330-X,10068.0,ATX Mid Tower,Black,,,1,2
Phanteks NV7,22698.0,ATX Full Tower,Black,,Tempered Glass,0,2
Lian Li Lancool II Mesh C RGB,9990.0,ATX Mid Tower,White,,Tempered Glass,0,3
HYTE REVOLT 3,11999.0,Mini ITX Tower,Black,700.0,Mesh,0,1
NZXT H7 Elite,15999.0,ATX Mid Tower,,,Tempered Glass,0,2
Corsair 2000D AIRFLOW,13999.0,Mini ITX Tower,Black,,Mesh,0,0
Fractal Design Meshify 2 Mini,10999.0,MicroATX Mid Tower,Black,,Tinted Tempered Glass,0,2
Lian Li LANCOOL III RGB,13999.0,ATX Mid Tower,White,,Tempered Glass,0,4
Antec NX410,6998.999999999999,ATX Mid Tower,White,,Tempered Glass,0,2
NZXT H7 Elite,15999.0,ATX Mid Tower,,,Tempered Glass,0,2
Asus TUF Gaming GT502,14999.0,ATX Mid Tower,Black,,Tempered Glass,0,4
MagniumGear Neo V2,4499.0,ATX Mid Tower,Silver,,Tempered Glass,0,2
Phanteks Eclipse G300A (1 Fan),5898.0,ATX Mid Tower,Black,,Tempered Glass,0,1
Fractal Design Define 7,17999.0,ATX Mid Tower,Black,,,1,6
NZXT H7 Flow RGB,14999.0,ATX Mid Tower,Black,,Tempered Glass,0,2
MSI MAG FORGE 112R,8999.0,ATX Mid Tower,Black,,Tempered Glass,0,2
Fractal Design Focus 2,7998.0,ATX Mid Tower,Black,,,0,2
Fractal Design Pop Air,8898.0,ATX Mid Tower,Black,,,2,2
Lian Li PC-O11 Dynamic Razer,15999.0,ATX Full Tower,Black,,Tempered Glass,0,3
NZXT H7 Flow,12999.0,ATX Mid Tower,White / Black,,Tempered Glass,0,2
Corsair 5000D AIRFLOW,13999.0,ATX Mid Tower,White / Gray,,Tempered Glass,0,2
Fractal Design Pop Air,8898.0,ATX Mid Tower,White,,Tempered Glass,2,2
Fractal Design Node 304,10998.0,Mini ITX Tower,Black / White,,,0,6
Thermaltake S100,6698.999999999999,MicroATX Mini Tower,Black,,Tempered Glass,0,2
Lian Li Lancool II Mesh,17275.0,ATX Mid Tower,Black,,Tempered Glass,0,3
Fractal Design Focus 2 RGB,5498.0,ATX Mid Tower,White / Black,,Tempered Glass,0,2
DIYPC ARGB-Q3,6497.0,MicroATX Mini Tower,Black,,Tempered Glass,0,2
Thermaltake Core V21,5499.0,MicroATX Mini Tower,Black,,Acrylic,0,3
Fractal Design Torrent RGB,22999.0,ATX Mid Tower,Black,,Tinted Tempered Glass,0,2
Lian Li LANCOOL 205M MESH,9999.0,MicroATX Mini Tower,White,,Tempered Glass,0,2
Fractal Design Node 804,13750.0,MicroATX Mid Tower,Black,,Acrylic,0,10
MSI MPG VELOX 100R,12499.0,ATX Mid Tower,Black,,Tempered Glass,0,2
Fractal Design Torrent,18999.0,ATX Mid Tower,Black,,,0,2
Cooler Master HAF 700 EVO,57899.0,ATX Full Tower,Gray / Black,,Tempered Glass,0,12
Thermaltake V200 RGB,7998.0,ATX Mid Tower,Black,,Tempered Glass,0,2
Antec NX200M,4999.0,MicroATX Mid Tower,Black,,Tempered Glass,0,2
Fractal Design Focus G,6498.999999999999,ATX Mid Tower,White,,Acrylic,2,2
Cooler Master Cosmos Infinity 30th Anniversary,89999.0,ATX Full Tower,Black / Silver,,Tempered Glass,0,2
NZXT H510 Elite,10999.0,ATX Mid Tower,Black,,Tempered Glass,0,2
Asus TUF Gaming GT301,8499.0,ATX Mid Tower,Black,,Tempered Glass,0,2
Fractal Design Core 1100,4999.0,MicroATX Mini Tower,Black,,,2,2
Corsair iCUE 5000D RGB AIRFLOW,17499.0,ATX Mid Tower,White,,Tempered Glass,0,2
Fractal Design Meshify 2 Compact,12499.0,ATX Mid Tower,Black,,,0,2
Antec DF700 FLUX,8999.0,ATX Mid Tower,Black,,Tempered Glass,0,3
Deepcool CK560,8999.0,ATX Mid Tower,White / Black,,Tempered Glass,0,2
Lian Li LANCOOL 205 Mesh C,12199.0,ATX Mid Tower,Black,,Tempered Glass,0,2
Corsair iCUE 5000T RGB,29999.0,ATX Mid Tower,Black,,Tempered Glass,0,2
Fractal Design Torrent Nano RGB,12999.0,Mini ITX Tower,Black,,Tinted Tempered Glass,0,1
Lian Li Lancool II Mesh C Performance,9999.0,ATX Mid Tower,Black,,Tempered Glass,0,3
Fractal Design Meshify 2 XL,20499.0,ATX Full Tower,Black,,Tinted Tempered Glass,0,6
Cougar MX330,6866.0,ATX Mid Tower,Black,,Acrylic,1,2
Thermaltake The Tower 100,7998.0,Mini ITX Tower,Black,,Tempered Glass,0,2
Thermaltake Versa H18,19282.0,MicroATX Mini Tower,Black,,Acrylic,0,2
Zalman S3,5299.0,ATX Mid Tower,Black,,Acrylic,0,2
Cooler Master N200,7298.0,MicroATX Mini Tower,Black,,,1,3
Corsair iCUE 220T RGB Airflow,11508.0,ATX Mid Tower,Black,,Tempered Glass,0,2
Fractal Design Meshify C Mini,12599.0,MicroATX Mini Tower,Black,,Tinted Tempered Glass,0,2
be quiet! Pure Base 500DX,10990.0,ATX Mid Tower,White,,Tempered Glass,0,2
Montech X3 Mesh,6898.999999999999,ATX Mid Tower,White,,Tempered Glass,0,2
DIYPC ARGB-Q3,6798.999999999999,MicroATX Mini Tower,White,,Tempered Glass,0,2
Cooler Master MasterBox 520 Mesh,8999.0,ATX Mid Tower,Black,,Tempered Glass,0,2
Fractal Design Meshify C,9999.0,ATX Mid Tower,White / Black,,Tempered Glass,0,2
Phanteks ECLIPSE G500A DRGB,12499.0,ATX Mid Tower,Black,,Tempered Glass,0,2
SSUPD Meshlicious,8999.0,Mini ITX Tower,White,,Mesh,0,0
Aerocool Bolt,5099.0,ATX Mid Tower,,,Tempered Glass,0,2
Fractal Design Pop Mini Silent,8898.0,MicroATX Mid Tower,Black,,,2,2
Corsair iCUE 7000X RGB,33600.0,ATX Full Tower,White,,Tempered Glass,0,6
Fractal Design Torrent Nano,21807.0,Mini ITX Tower,Black,,Tinted Tempered Glass,0,1
Lian Li LANCOOL 205 Mesh C,13299.0,ATX Mid Tower,Pink,,Tempered Glass,0,2
GAMDIAS APOLLO E2 ELITE,5999.0,ATX Mid Tower,Black,,Tempered Glass,0,2
NZXT H7 Flow RGB,14999.0,ATX Mid Tower,White,,Tempered Glass,0,2
Asus TUF Gaming GT501,13999.0,ATX Mid Tower,Black / Gray,,Tempered Glass,0,4
BitFenix Nova Mesh SE,6490.000000000001,ATX Mid Tower,White,,Tempered Glass,0,2
Thermaltake V150 Tempered Glass ARGB Breeze,7898.0,MicroATX Mid Tower,Black,,Tempered Glass,0,2
Lian Li LANCOOL 215,9499.0,ATX Mid Tower,White,,Tempered Glass,0,2
Thermaltake S100 Snow Edition,7198.0,MicroATX Mini Tower,White / Black,,Tempered Glass,0,2
Cooler Master MasterBox MB311L ARGB,8779.0,MicroATX Mid Tower,Black,,Tempered Glass,0,2
Fractal Design Meshify 2 Nano,5598.0,Mini ITX Tower,White,,Tempered Glass,0,1
Fractal Design Torrent Compact,11098.0,ATX Mid Tower,Black,,,0,1
KOLINK OBSERVATORY LITE MESH RGB,41800.0,ATX Mid Tower,Black,,Tempered Glass,0,2
MSI MAG FORGE 100M,16341.999999999998,ATX Mid Tower,Black,,Tempered Glass,0,2
NZXT H510,8098.0,ATX Mid Tower,Black / Red,,Tempered Glass,0,2
NZXT H210,8798.0,Mini ITX Tower,White,,Tempered Glass,0,1
Fractal Design Define 7 XL,22499.0,ATX Full Tower,Black,,,2,6
Lian Li Lancool II Mesh C RGB,9990.0,ATX Mid Tower,Black,,Tempered Glass,0,3
Phanteks Enthoo Pro 2,15997.999999999998,ATX Full Tower,Black,,Tempered Glass,0,12
NZXT H210i,8999.0,Mini ITX Tower,Black,,Tempered Glass,0,1
be quiet! Pure Base 500,8927.0,ATX Mid Tower,Black,,,0,2
Fractal Design Torrent,18999.0,ATX Mid Tower,White,,Tempered Glass,0,2
Fractal Design Node 202,5898.0,HTPC,Black,,,0,0
Lian Li TU150,11999.0,Mini ITX Desktop,Black,,Tempered Glass,0,1
Lian Li LANCOOL 205 Mesh C,12199.0,ATX Mid Tower,White,,Tempered Glass,0,2
Fractal Design Focus 2,7798.0,ATX Mid Tower,White / Black,,Tempered Glass,0,2
Thermaltake V250 TG ARGB,7398.0,ATX Mid Tower,Black,,Tempered Glass,0,2
Phanteks Eclipse P400A Digital,6998.999999999999,ATX Mid Tower,White,,Tempered Glass,0,2
Corsair iCUE 5000X RGB,18999.0,ATX Mid Tower,White / Gray,,Tempered Glass,0,2
Fractal Design Meshify 2 Compact TG Light Tint,12499.0,ATX Mid Tower,Black,,Tempered Glass,0,2
Lian Li O11 Dynamic Mini,16999.0,ATX Mid Tower,Black,750.0,Tempered Glass,0,2
Cooler Master MasterBox TD500 Mesh V2,30989.0,ATX Mid Tower,,,Tempered Glass,0,2
Corsair 7000D AIRFLOW,24499.0,ATX Full Tower,White / Black,,Tempered Glass,0,6
Corsair 2000D RGB AIRFLOW,19999.0,Mini ITX Tower,Black,,Mesh,0,0
Asus ROG Z11,5698.0,Mini ITX Tower,Black,,Tinted Tempered Glass,0,1
Cooler Master HAF XB EVO,10999.0,ATX Desktop,Black,,,2,4
Fractal Design Meshify 2 Compact Lite,6598.0,ATX Mid Tower,Black,,Tinted Tempered Glass,0,2
Fractal Design Meshify 2 Nano,11999.0,Mini ITX Tower,Black,,Tempered Glass,0,1
be quiet! Silent Base 802,17990.0,ATX Mid Tower,Black,,Tempered Glass,0,3
Lian Li Q58 (PCIe 4.0),9499.0,Mini ITX Desktop,White,,Tempered Glass,0,0
Corsair iCUE 220T RGB Airflow,10499.0,ATX Mid Tower,White,,Tempered Glass,0,2
Cooler Master MasterBox MB520 ARGB,12098.0,ATX Mid Tower,Black,,Tempered Glass,0,2
Cooler Master TD300 Mesh,10899.0,MicroATX Mini Tower,Black,,Tempered Glass,0,2
Fractal Design Pop XL Silent,7398.0,ATX Full Tower,Black,,Tempered Glass,2,3
Fractal Design Focus G Mini,6598.999999999999,MicroATX Mini Tower,Black,,Acrylic,2,2
Fractal Design Meshify 2,15999.0,ATX Mid Tower,Black,,,0,6
HYTE Y60,19999.0,ATX Mid Tower,Red / Black,,Tempered Glass,0,2
Fractal Design Torrent Compact,14999.0,ATX Mid Tower,Black,,Tinted Tempered Glass,0,1
Silverstone FARA H1M,6944.0,MicroATX Mini Tower,Black,,Tempered Glass,0,2
Cooler Master MasterCase H500 ARGB,13999.0,ATX Mid Tower,Black,,Tempered Glass,0,2
Cooler Master MasterBox NR400 (w/ODD),8499.0,MicroATX Mid Tower,Black,,Tempered Glass,1,4
Thermaltake Core V1,4999.0,Mini ITX Desktop,White,,Acrylic,0,2
Corsair iCUE 465X RGB,14697.0,ATX Mid Tower,Black,,Tempered Glass,0,2
Phanteks Eclipse P200A DRGB,5999.0,Mini ITX Tower,Black,,Tempered Glass,0,0
Cougar Archon 2 Mesh RGB,7198.0,ATX Mid Tower,Black,,Tempered Glass,0,2
Thermaltake View 91,50998.0,ATX Full Tower,Black,,Tempered Glass,0,12
Asus TUF Gaming GT502,14499.0,ATX Mid Tower,White,,Tempered Glass,0,4
Fractal Design Pop XL Silent,10599.0,ATX Full Tower,Black,,,2,3
NZXT H510i,8499.0,ATX Mid Tower,Black,,Tempered Glass,0,2
Montech SKY ONE LITE,16415.0,ATX Mid Tower,Black,,Tempered Glass,0,2
Cooler Master MasterBox Q500L,7998.0,ATX Mid Tower,Black,,Acrylic,0,1
Corsair iCUE 5000X RGB QL Edition,32999.0,ATX Mid Tower,White,,Tempered Glass,0,2
Thermaltake S200 TG ARGB,7998.0,ATX Mid Tower,White,,Tempered Glass,0,2
Phanteks Enthoo Pro Tempered Glass,10999.0,ATX Full Tower,Black,,Tinted Tempered Glass,3,6
KOLINK STRONGHOLD,41400.0,ATX Mid Tower,Black,,Tinted Tempered Glass,0,3
Anidees AI Crystal XL AR 3,27989.999999999996,ATX Full Tower,Black,,Tempered Glass,0,15
MSI MPG GUNGNIR 110R,11998.0,ATX Mid Tower,White,,Tempered Glass,0,2
DIYPC Rainbow-Flash-F4,4994.0,ATX Mid Tower,Pink,,Tempered Glass,0,2
NZXT H710i,19999.0,ATX Mid Tower,Black,,Tempered Glass,0,4
Fractal Design Focus G,6598.0,ATX Mid Tower,Black / Red,,Acrylic,2,2
Antec AX90,8499.0,ATX Mid Tower,Black,,Tempered Glass,0,2
Fractal Design Define Mini C,9998.0,MicroATX Mid Tower,Black,,,0,2
Antec Performance 1 FT,14499.0,ATX Full Tower,Black,,Tempered Glass,0,2
Jonsbo N1,13999.0,Mini ITX Desktop,Silver,,,0,5
Lian Li V3000 PLUS,49999.0,ATX Full Tower,Black,,Tempered Glass,0,8
MUSETEX NN8,10999.0,ATX Mid Tower,Black,,Tempered Glass,0,2
Antec P20C,9999.0,ATX Mid Tower,Black,,Tempered Glass,0,2
Deepcool MATREXX 55 V3 ADD-RGB 3F,8999.0,ATX Mid Tower,Black,,Tempered Glass,0,2
Thermaltake The Tower 500,14099.0,ATX Mid Tower,Black,,Tempered Glass,0,8
Lian Li O11 Dynamic Mini,15000.0,ATX Mid Tower,White / Black,,Tempered Glass,0,2
Fractal Design Torrent Compact RGB,16999.0,ATX Mid Tower,Black,,Tinted Tempered Glass,0,1
MagniumGear Neo-G Mini V2,3999.0,Mini ITX Tower,Black,,Tempered Glass,0,1
Deepcool CC360 ARGB,6929.000000000001,MicroATX Mini Tower,White,,Tinted Tempered Glass,0,2
Phanteks Enthoo Pro,9499.0,ATX Full Tower,Black,,,3,6
SSUPD Meshlicious (PCIe 4.0),31376.0,Mini ITX Tower,Black,,Mesh,0,0
Corsair iCUE 4000D RGB Airflow QL Edition,24999.0,ATX Mid Tower,White,,Tempered Glass,0,2
Corsair Carbide Series 110R,8961.0,ATX Mid Tower,Black,,Tempered Glass,1,2
NZXT H710,9999.0,ATX Mid Tower,White,,Tempered Glass,0,4
Phanteks EVOLV SHIFT XT,13499.0,Mini ITX Desktop,Black,,Tempered Glass,0,0
Razer Tomahawk ATX,29111.0,ATX Mid Tower,Black,,Tinted Tempered Glass,0,3
Corsair 4000D,9499.0,ATX Mid Tower,Black,,Tempered Glass,0,2
Thermaltake S200 TG ARGB,8299.0,ATX Mid Tower,Black,,Tempered Glass,0,2
Phanteks Enthoo Pro 2,14997.999999999998,ATX Full Tower,Black,,,0,12
Cooler Master N400,9398.0,ATX Mid Tower,Black,,,2,7
HYTE REVOLT 3,11999.0,Mini ITX Tower,White,700.0,Mesh,0,1
NZXT H7,9999.0,ATX Mid Tower,White,,Tempered Glass,0,2
HYTE Y40,13999.0,ATX Mid Tower,Red / Black,,Tempered Glass,0,1
Deepcool CH510 MESH DIGITAL,8999.0,ATX Mid Tower,Black,,Tempered Glass,0,2
Jonsbo D30,10999.0,MicroATX Mini Tower,Black,,Tempered Glass,0,1
BitFenix NOVA MESH SE TG,17961.0,ATX Mid Tower,Black,,Tempered Glass,0,2
MUSETEX G06MN6-B,9899.0,ATX Mid Tower,Black,,Tempered Glass,0,2
Antec AX61 ELITE,8499.0,ATX Mid Tower,Black,,Tempered Glass,0,2
Lian Li LANCOOL III,12350.0,ATX Mid Tower,White,,Tempered Glass,0,4
Fractal Design Pop Air,8999.0,ATX Mid Tower,Cyan / Black,,Tempered Glass,2,2
Jonsbo D31 MESH,8199.0,MicroATX Mini Tower,White,,Tempered Glass,0,1
Fractal Design Meshify 2 Compact TG Dark Tint,12050.0,ATX Mid Tower,Black,,Tinted Tempered Glass,0,2
Thermaltake Core P3,9999.0,ATX Mid Tower,Black,,Tempered Glass,0,2
MagniumGear NEO QUBE 2 Infinity Mirror,10999.0,ATX Mid Tower,Black,,Tempered Glass,0,2
Jonsbo N2,14500.0,Mini ITX Desktop,Black,,,0,5
MSI MEG PROSPECT 700R,34999.0,ATX Mid Tower,Black,,Tempered Glass,0,2
Phanteks Eclipse P600S,14999.0,ATX Mid Tower,Black,,Tinted Tempered Glass,0,4
Phanteks Evolv X,21998.0,ATX Mid Tower,Black,,Tinted Tempered Glass,0,4
Cougar MX410 MESH-G RGB,7098.0,ATX Mid Tower,Black,,Tempered Glass,0,2
Corsair Crystal 280X RGB,18499.0,MicroATX Mid Tower,White,,Tempered Glass,0,2
Corsair Crystal Series 680X RGB,27499.0,ATX Mid Tower,Black,,Tempered Glass,0,3
Phanteks ECLIPSE G500A DRGB,12499.0,ATX Mid Tower,White,,Tempered Glass,0,2
Fractal Design Pop Air,8999.0,ATX Mid Tower,Orange / Black,,Tempered Glass,2,2
Asus GX601,34999.0,ATX Full Tower,White / Black,,Tempered Glass,0,2
Cooler Master MasterCase H500,13999.0,ATX Mid Tower,Black,,Tinted Tempered Glass,0,2
be quiet! Pure Base 600,8990.0,ATX Mid Tower,Black,,,2,3
Thermaltake Ceres 500,13499.0,ATX Mid Tower,Black,,Tempered Glass,0,2
KOLINK Citadel Mesh,33500.0,MicroATX Mini Tower,Black,,Tempered Glass,0,2
Phanteks ECLIPSE G500A DRGB (Fanless),11999.0,ATX Mid Tower,Black,,Tempered Glass,0,2
Thermaltake Core W200,51320.00000000001,ATX Full Tower,Black,,Acrylic,3,4
Fractal Design Torrent Nano RGB,9398.0,Mini ITX Tower,White,,Tempered Glass,0,1
Zalman Z7 NEO,6998.0,ATX Mid Tower,Black,,Tempered Glass,0,2
MSI MAG VAMPIRIC 100R,13869.999999999998,ATX Mid Tower,Black,,Tempered Glass,0,2
iBuypower Snowblind S,19900.0,ATX Mid Tower,White,,Tempered Glass,0,2
Fractal Design Define 7 Compact,11499.0,ATX Mid Tower,Black,,,0,2
Fractal Design Meshify 2 Compact RGB,15497.999999999998,ATX Mid Tower,Black,,Tinted Tempered Glass,0,2
Fractal Design Pop Silent,8898.0,ATX Mid Tower,Black,,,2,2
Zalman S2,5699.0,ATX Mid Tower,Black,,Tempered Glass,0,2
Antec P101 Silent,10599.0,ATX Mid Tower,Black,,,1,8
HYTE REVOLT 3,9999.0,Mini ITX Tower,Black,,Mesh,0,1
Silverstone SG13,7059.0,Mini ITX Tower,Black,,,0,1
Lian Li O11D XL-A,19999.0,ATX Full Tower,Silver / Black,,Tempered Glass,0,4
Fractal Design Define 7 XL Dark,23499.0,ATX Full Tower,Black,,Tinted Tempered Glass,2,6
Lian Li Q58 (PCIe 3.0),7998.999999999999,Mini ITX Desktop,White,,Tempered Glass,0,0
Fractal Design Torrent RGB,22999.0,ATX Mid Tower,White,,Tempered Glass,0,2
Silverstone FARA R1 PRO V2,24962.0,ATX Mid Tower,Black,,Tempered Glass,0,2
DIYPC Shadow-H3-ARGB,5891.0,ATX Mid Tower,Black,,Tempered Glass,0,3
Thermaltake The Tower 100 Snow,9999.0,Mini ITX Tower,White,,Tempered Glass,0,2
ENDORFY Signum 300 Air,39700.0,ATX Mid Tower,Black,,Tempered Glass,0,2
be quiet! Silent Base 802,16990.0,ATX Mid Tower,Black,,,0,3
Azza Spectra,5999.0,ATX Mid Tower,Black,,Tempered Glass,0,2
Cooler Master MasterBox MB320L ARGB,7498.0,MicroATX Mini Tower,Black,,Tempered Glass,0,2
Fractal Design Meshify C,9998.0,ATX Mid Tower,Black,,,0,2
Antec DF600 FLUX,10138.0,ATX Mid Tower,Black,,Tempered Glass,0,3
Fractal Design Meshify 2 RGB,17499.0,ATX Mid Tower,Black,,Tempered Glass,0,6
Zalman S4,4999.0,ATX Mid Tower,Black,,Tinted Acrylic,0,2
Fractal Design Meshify 2,16900.0,ATX Mid Tower,White / Black,,Tempered Glass,0,6
Apevia Prodigy,7498.0,MicroATX Mini Tower,Black,,Tempered Glass,0,2
Cougar MX330-G,6598.0,ATX Mid Tower,Black,,Tempered Glass,1,2
Corsair Obsidian 500D RGB SE,26000.0,ATX Mid Tower,Black,,Tinted Tempered Glass,0,2
Deepcool MATREXX 55 V3 ADD-RGB WH 3F,9122.0,ATX Mid Tower,White / Black,,Tempered Glass,0,2
Thermaltake Versa H15,6759.0,MicroATX Mid Tower,Black,,,1,3
Phanteks Eclipse P600S,15997.999999999998,ATX Mid Tower,Gray / Black,,Tinted Tempered Glass,0,4
Corsair 4000D,10499.0,ATX Mid Tower,White,,Tempered Glass,0,2
Cooler Master HAF 700,29999.0,ATX Full Tower,Black,,Tempered Glass,0,9
Fractal Design Pop Mini Silent,10000.0,MicroATX Mid Tower,Black,,Tempered Glass,2,2
Lian Li LANCOOL II-W,9499.0,ATX Mid Tower,White / Black,,Tempered Glass,0,3
Fractal Design Pop Air,10598.0,ATX Mid Tower,Pink / Black,,Tempered Glass,2,2
Corsair 275R Airflow,20188.0,ATX Mid Tower,White / Black,,Tempered Glass,0,2
Apex DM-387,8399.0,HTPC,Black,275.0,,1,1
Thermaltake View 71 TG RGB,19999.0,ATX Full Tower,Black,,Acrylic,0,7
Fractal Design Meshify 2 XL,21999.0,ATX Full Tower,Black,,Tinted Tempered Glass,0,6
Corsair iCUE 5000T RGB,29999.0,ATX Mid Tower,White / Gray,,Tempered Glass,0,2
Lian Li TU150,11999.0,Mini ITX Desktop,Silver,,Tempered Glass,0,1
KOLINK KLM-002,12988.0,MicroATX Mini Tower,Black,,,0,0
Jonsbo D30,9699.0,MicroATX Mini Tower,White,,Tempered Glass,0,1
Phanteks ECLIPSE G500A Performance,12499.0,ATX Mid Tower,Black,,Tempered Glass,0,2
Fractal Design Meshify 2 Lite,8698.0,ATX Mid Tower,Black,,Tempered Glass,0,2
Deepcool CG540,11198.0,ATX Mid Tower,Black,,Tempered Glass,0,2
KOLINK Satellite,11413.0,MicroATX Desktop,Black,,Mesh,0,3
Cougar MG130-G,4999.0,MicroATX Mini Tower,Black,,Tempered Glass,0,2
Silverstone GD09B,11793.0,HTPC,Black,,,1,2
Thermaltake Tower 900,16999.0,ATX Full Tower,Black,,Tempered Glass,1,6
Thermaltake V250 TG ARGB Air,7998.0,ATX Mid Tower,Black,,Tempered Glass,0,2
Antec DP503,6998.999999999999,ATX Mid Tower,Black,,Tempered Glass,0,2
Fractal Design Torrent Nano,11814.0,Mini ITX Tower,White / Black,,Tempered Glass,0,1
RAIJINTEK OPHION M EVO TGS,4900.0,MicroATX Mid Tower,Black,,Tempered Glass,0,3
NZXT H500,9999.0,ATX Mid Tower,Black,,Tempered Glass,0,3
In Win CE685.FH300TB3,11249.0,MicroATX Slim,Black,300.0,,1,1
Fractal Design Define 7 Mini,10699.0,MicroATX Mini Tower,Black,,,0,2
Thermaltake Tower 900 Snow Edition,23998.0,ATX Full Tower,White,,Tempered Glass,1,6
Fractal Design Focus G,6698.0,ATX Mid Tower,Black / Blue,,Acrylic,2,2
Cooler Master MasterBox TD500 Mesh V2,10759.0,ATX Mid Tower,White,,Tempered Glass,0,2
Corsair 2000D AIRFLOW,13999.0,Mini ITX Tower,White,,Mesh,0,0
Fractal Design Meshify 2 Compact Lite RGB,8398.0,ATX Mid Tower,Black,,Tinted Tempered Glass,0,2
NZXT H7,9999.0,ATX Mid Tower,Black,,Tempered Glass,0,2
be quiet! Pure Base 600,9990.0,ATX Mid Tower,Black / Orange,,Tempered Glass,2,3
be quiet! Dark Base 700,19990.0,ATX Mid Tower,Black,,Tempered Glass,0,7
Lian Li V3000 PLUS White GGF Edition,49999.0,ATX Full Tower,White,,Tempered Glass,0,8
Rosewill Zircon I,6498.999999999999,ATX Mid Tower,Black,,Tempered Glass,0,2
Fractal Design Define 7 Nano,10998.0,Mini ITX Tower,Black,,Tinted Tempered Glass,0,1
BitFenix Nova Mesh SE,6490.000000000001,ATX Mid Tower,White / Purple,,Tempered Glass,0,2
Cougar MG120,4299.0,MicroATX Mini Tower,Black,,,0,2
Corsair Crystal 280X RGB,17995.0,MicroATX Mid Tower,Black,,Tempered Glass,0,2
Gigabyte C301 GLASS,9999.0,ATX Mid Tower,Black,,Tempered Glass,0,2
NZXT H7,9999.0,ATX Mid Tower,White / Black,,Tempered Glass,0,2
Cooler Master MasterBox MB511 ARGB,12041.0,ATX Mid Tower,Black,,Tempered Glass,0,2
MagniumGear NEO QUBE 2,12800.0,ATX Mid Tower,White,,Tempered Glass,0,2
be quiet! Pure Base 500,9958.0,ATX Mid Tower,Black,,Tempered Glass,0,2
Thermaltake Core P3 TG Pro,14599.0,ATX Mid Tower,,,Tempered Glass,0,4
Cooler Master CMP 320,8999.0,MicroATX Mid Tower,Black,,Tempered Glass,0,2
ADATA XPG VALOR AIR,7498.999999999999,ATX Mid Tower,Black,,Tempered Glass,0,3
Thermaltake The Tower 200,12999.0,Mini ITX Tower,Black,,Tempered Glass,0,2
Silverstone SG13 V2,8450.0,Mini ITX Tower,Black,,,0,1
Corsair 5000D,10999.0,ATX Mid Tower,White / Gray,,Tempered Glass,0,2
Cooler Master TD300 Mesh,10399.0,MicroATX Mini Tower,White / Black,,Tempered Glass,0,2
Antec Dark Phantom DP301M,6498.0,MicroATX Mid Tower,Black,,Acrylic,0,2
be quiet! Dark Base Pro 901,31705.0,ATX Full Tower,Black,,Tempered Glass,1,2
DAN Cases A4-SFXv4,28683.0,Mini ITX Desktop,Silver,,,0,0
Jonsbo C6,5500.0,MicroATX Mini Tower,Black,,Mesh,0,1
Jonsbo T8 PLUS,8499.0,Mini ITX Desktop,Black,,Tempered Glass,0,0
Thermaltake Core P3 TG Snow Edition,10999.0,ATX Mid Tower,White,,Tempered Glass,0,2
MagniumGear NEO QUBE 2,10999.0,ATX Mid Tower,Black,,Tempered Glass,0,2
Phanteks Eclipse P500A,19622.0,ATX Mid Tower,Black,,Tempered Glass,0,2
be quiet! Pure Base 500,8490.0,ATX Mid Tower,White,,,0,2
DIYPC F2,4498.0,MicroATX Mini Tower,Black / Orange,,Acrylic,0,2
CiT Seven,6123.0,MicroATX Mid Tower,Black,,Acrylic,0,1
Thermaltake The Tower 100,11129.0,Mini ITX Tower,Green / Black,,Tempered Glass,0,2
Corsair Crystal Series 680X RGB,26189.0,ATX Mid Tower,White / Black,,Tempered Glass,0,3
Fractal Design Torrent Compact RGB,16999.0,ATX Mid Tower,White,,Tempered Glass,0,1
MSI MPG GUNGNIR 120R,10999.0,ATX Mid Tower,Black,,Tempered Glass,0,2
Thermaltake View 51 Snow ARGB Edition,19999.0,ATX Full Tower,White,,Tempered Glass,0,2
Cooler Master MasterCase H500M,19999.0,ATX Mid Tower,Black,,Tempered Glass,0,2
Gigabyte AORUS C500 GLASS,26198.0,ATX Mid Tower,Black,,Tempered Glass,0,2
Thermaltake Core P3 TG Pro Snow,15999.0,ATX Mid Tower,,,Tempered Glass,0,4
Deepcool CH510,12222.0,ATX Mid Tower,Black,,Tempered Glass,0,2
Corsair 2000D RGB AIRFLOW,19999.0,Mini ITX Tower,White,,Mesh,0,0
Azza Spectra,6498.0,ATX Mid Tower,White,,Tempered Glass,0,2
Anidees AI CRYSTAL XL PRO,29989.999999999996,ATX Full Tower,Black,,Tempered Glass,12,0
SAMA Sama-S88-BK,4490.0,ATX Mid Tower,Black / Red,,Tempered Glass,0,2
Asus TUF Gaming GT501,14999.0,ATX Mid Tower,White / Black,,Tempered Glass,0,4
Cooler Master Cosmos C700M,56799.0,ATX Full Tower,Silver / Black,,Tempered Glass,1,4
Cooler Master MasterBox NR600 (w/ODD),56800.0,ATX Mid Tower,Black,,Tempered Glass,1,4
DIYPC MA08,4598.0,MicroATX Mini Tower,Black,,,1,1
Fractal Design Torrent Compact,14208.000000000002,ATX Mid Tower,White,,Tempered Glass,0,1
GameMax Contac Turbo COC,5894.0,ATX Mid Tower,White / Black,,Tempered Glass,0,2
Antec P120 Crystal,10499.0,ATX Mid Tower,White,,Tempered Glass,0,2
SSUPD Meshlicious,8999.0,Mini ITX Tower,White,,Tempered Glass,0,0
Fractal Design Torrent,17599.0,ATX Mid Tower,Black,,Tinted Tempered Glass,0,2
Thermaltake Core X71,13299.0,ATX Full Tower,Black,,Acrylic,2,3
Thermaltake Core P8 TG,24999.0,ATX Full Tower,Black,,Tempered Glass,0,3
Deepcool CH510,8999.0,ATX Mid Tower,White / Black,,Tempered Glass,0,2
Thermaltake View 200 TG ARGB,7998.0,ATX Mid Tower,White,,Tempered Glass,0,2
Lian Li Lancool II Mesh,21995.0,ATX Mid Tower,White,,Tempered Glass,0,3
Corsair iCUE 465X RGB,22800.0,ATX Mid Tower,White / Black,,Tempered Glass,0,2
Silverstone Precision PS15 RGB,5999.0,MicroATX Mid Tower,Black,,Tempered Glass,0,1
Thermaltake View 51 ARGB Edition,16999.0,ATX Full Tower,Black,,Tempered Glass,0,2
Fractal Design Meshify 2 Mini,25752.0,MicroATX Mid Tower,White / Black,,Tempered Glass,0,2
Silverstone FARA H1M,7604.000000000001,MicroATX Mini Tower,White,,Tempered Glass,0,2
Deepcool MATREXX 70 ADD-RGB 3F,10340.0,ATX Mid Tower,Black,,Tempered Glass,0,2
HYTE REVOLT 3,9999.0,Mini ITX Tower,White,,Mesh,0,1
MSI MAG VAMPIRIC 300R,34694.0,ATX Mid Tower,Black,,Tempered Glass,0,2
Thermaltake Divider 170 TG Snow ARGB,7998.0,MicroATX Mid Tower,White / Black,,Tempered Glass,0,2
DAN Cases A4-SFXv4,46000.0,Mini ITX Desktop,Black,,,0,0
Thermaltake Level 20 VT,12997.999999999998,MicroATX Desktop,Black / Silver,,Tempered Glass,0,3
Corsair iCUE 220T RGB,19185.0,ATX Mid Tower,Black,,Tempered Glass,0,2
Razer Tomahawk Mini-ITX,16999.0,Mini ITX Tower,Black / Green,,Tinted Tempered Glass,0,0
SSUPD Meshlicious (PCIe 4.0),24995.0,Mini ITX Tower,White,,Mesh,0,0
NZXT H510i,11999.0,ATX Mid Tower,Black / Red,,Tempered Glass,0,2
GameMax Mini Abyss H608,6894.0,ATX Full Tower,Black,,Tempered Glass,0,2
Thermaltake Versa H22,10345.0,ATX Mid Tower,Black,,,3,0
In Win Chopin Pro,15766.0,HTPC,Black,200.0,Mesh,0,0
Cougar Duoface RGB,6498.999999999999,ATX Mid Tower,White,,Tempered Glass,0,2
KOLINK Citadel,16136.000000000002,MicroATX Mini Tower,Black,,Tempered Glass,0,2
Montech SKY TWO,13900.0,ATX Mid Tower,Blue,,Tempered Glass,0,2
MSI MPG GUNGNIR 111R,29636.0,ATX Mid Tower,Black,,Tempered Glass,0,2
Apevia Prodigy,7498.0,MicroATX Mini Tower,Pink,,Tempered Glass,0,2
Phanteks Enthoo 719,19499.0,ATX Full Tower,Black,,Tempered Glass,0,4
Corsair SPEC-OMEGA RGB,20734.0,ATX Mid Tower,Black,,Tempered Glass,0,3
Thermaltake Level 20 MT,8499.0,ATX Mid Tower,Black,,Tempered Glass,0,2
Phanteks EVOLV SHIFT 2 AIR,7498.999999999999,Mini ITX Tower,Black,,,0,1
Antec Dark League DF800 FLUX,7998.999999999999,ATX Mid Tower,Black,,Tempered Glass,0,3
BitFenix Nova Mesh TG 4ARGB,7900.0,ATX Mid Tower,Black,,Tempered Glass,0,2
GAMDIAS TALOS E2 ELITE,7998.0,ATX Mid Tower,Black,,Tempered Glass,0,2
teenage engineering Computer-1,15500.0,Mini ITX Desktop,Orange / Silver,,,0,0
Phanteks EVOLV SHIFT XT,12499.0,Mini ITX Desktop,Silver / Black,,Tempered Glass,0,0
Fractal Design Define 7 Dark,18999.0,ATX Mid Tower,Black,,Tinted Tempered Glass,1,6
be quiet! Silent Base 802,17990.0,ATX Mid Tower,White,,Tempered Glass,0,3
KOLINK Castle,40100.0,ATX Mid Tower,Black,,Tempered Glass,0,2
Cooler Master CMP 520,9999.0,ATX Mid Tower,Black,,Tempered Glass,0,2
be quiet! Pure Base 600,8990.0,ATX Mid Tower,Black / Silver,,,2,3
GAMDIAS ARGUS M1,4999.0,ATX Mid Tower,Black,,Tempered Glass,0,2
Silverstone Sugo 16,8699.0,Mini ITX Tower,Black,,,0,1
Cooler Master Cosmos C700P Black Edition,53899.0,ATX Full Tower,Black,,Tempered Glass,1,2
Silverstone SG05BB-450-USB3.0,6825.0,Mini ITX Desktop,Black,,,0,1
Montech SKY ONE LITE,7477.0,ATX Mid Tower,White,,Tempered Glass,0,2
Fractal Design Focus G,6698.0,ATX Mid Tower,Black / Gray,,Acrylic,2,2
Corsair 5000D,16499.0,ATX Mid Tower,Black,,Tempered Glass,0,2
Antec VSK4000E U3,7498.0,ATX Mid Tower,Black,,,3,5
Thermaltake Divider 170 TG ARGB,7998.0,MicroATX Mid Tower,Black,,Tempered Glass,0,2
Thermaltake H200 TG Snow RGB Light Strip,8999.0,ATX Mid Tower,White,,Tempered Glass,0,2
Cooler Master MasterBox MB600L V2 w/ODD,8063.0,ATX Mid Tower,Black,,Tempered Glass,1,2
Fractal Design Torrent,21611.0,ATX Mid Tower,Gray,,Tinted Tempered Glass,0,2
be quiet! Dark Base 900,22788.0,ATX Full Tower,Black / Silver,,,2,7
Cooler Master Silencio S400,11999.0,MicroATX Mini Tower,Black,,,1,4
Thermaltake View 71 TG,17999.0,ATX Full Tower,Black,,Acrylic,0,7
Thermaltake Core P6,20999.0,ATX Mid Tower,White / Black,,Tempered Glass,0,4
Asus TUF Gaming GT501 Demon Slayer Edition,20999.0,ATX Mid Tower,Yellow / Black,,Tempered Glass,0,4
Silverstone PS16B,7426.000000000001,MicroATX Mini Tower,Black,,,1,3
ZZEW A1 Plus,10699.0,Mini ITX Tower,Silver,,Mesh,0,0
KOLINK OBSERVATORY RGB,46000.0,ATX Mid Tower,Black,,Tinted Tempered Glass,0,3
Deepcool MACUBE 310,12763.0,ATX Mid Tower,White,,Tempered Glass,0,2
Fractal Design Meshify 2,15999.0,ATX Mid Tower,Black,,Tinted Tempered Glass,0,6
Silverstone GD11,16799.0,HTPC,Black,,,0,3
Phanteks Eclipse P600S,13999.0,ATX Mid Tower,Black,,,0,4
NZXT H710,16999.0,ATX Mid Tower,Black,,Tempered Glass,0,4
Cooler Master MasterBox MB530P,11999.0,ATX Mid Tower,Black,,Tempered Glass,0,2
Cooler Master MasterBox 520 Mesh,8999.0,ATX Mid Tower,White,,Tempered Glass,0,2
Antec P7 NEO,6998.999999999999,ATX Mid Tower,Black,,,1,2
Fractal Design Meshify 2 Compact RGB,14744.0,ATX Mid Tower,White,,Tempered Glass,0,2
Silverstone ALTA G1M,15966.0,MicroATX Mid Tower,,,,0,4
Silverstone MILO 11,7298.0,MicroATX Desktop,Black / Silver,,,0,1
Cooler Master HAF 500,14608.000000000002,ATX Mid Tower,Black,,Tempered Glass,0,2
Antec Dark Phantom DP31,8554.0,MicroATX Mid Tower,Black,,Tempered Glass,0,2
Thermaltake Core V71 TG,17499.0,ATX Full Tower,Black,,Tempered Glass,2,8
Thermaltake The Tower 500,14999.0,ATX Mid Tower,White,,Tempered Glass,0,8
GAMDIAS APOLLO M1 ELITE,6277.0,ATX Mid Tower,Black,,Tempered Glass,0,2
Cooler Master MasterBox Lite 3.1,6852.0,MicroATX Mid Tower,Black / Red,,Tempered Glass,0,2
Lian Li LANCOOL 205 Mesh,19500.0,ATX Mid Tower,Black,,Tempered Glass,0,2
Thermaltake Core P6,49328.0,ATX Mid Tower,Green / Black,,Tempered Glass,0,4
NZXT H210i,10999.0,Mini ITX Tower,Black / Red,,Tempered Glass,0,1
Phanteks Eclipse P350X,17900.0,ATX Mid Tower,Black,,Tinted Tempered Glass,0,2
Cooler Master MasterCase H500P Mesh ARGB,34937.0,ATX Mid Tower,White,,Tempered Glass,0,2
Fractal Design Meshify 2 RGB,17499.0,ATX Mid Tower,White / Black,,Tempered Glass,0,6
Thermaltake Ceres 500,14999.0,ATX Mid Tower,White,,Tempered Glass,0,2
Cooler Master MasterBox MB400L,20235.0,MicroATX Mini Tower,Black,,Tempered Glass,0,2
Corsair Carbide Series SPEC-01,26941.000000000004,ATX Mid Tower,Black,,Acrylic,2,4
Fractal Design Meshify 2 Compact White TG Clear Tint,15544.0,ATX Mid Tower,White / Black,,Tempered Glass,0,2
Aerocool Aero One Eclipse,7841.0,ATX Mid Tower,White / Black,,Tempered Glass,0,2
Cougar Archon 2 Mesh RGB,7398.0,ATX Mid Tower,White,,Tempered Glass,0,2
Cooler Master CMP 510,18703.0,ATX Mid Tower,Black,,Tempered Glass,0,2
Silverstone PS15,6498.0,MicroATX Mid Tower,White,,Tempered Glass,0,1
Cooler Master MasterBox NR400 (w/o ODD),54300.0,MicroATX Mid Tower,Black,,Tempered Glass,0,3
Antec VSK 3000 Elite,7108.0,MicroATX Mini Tower,Black,,,1,4
Fractal Design Meshify 2 Lite,8598.0,ATX Mid Tower,White / Black,,Tempered Glass,0,2
Cooler Master MasterBox Pro 5 ARGB,6998.999999999999,ATX Mid Tower,Black,,Tempered Glass,0,2
Cooler Master MasterBox MB511,8898.0,ATX Mid Tower,Black / Red,,Acrylic,0,2
Jonsbo D41 Mesh,9600.0,ATX Mid Tower,White,,Tempered Glass,0,2
be quiet! Pure Base 500,9490.0,ATX Mid Tower,Gray,,Tempered Glass,0,2
BitFenix Prodigy M 2022,7990.000000000001,MicroATX Mini Tower,White / Black,,Tempered Glass,0,2
be quiet! Pure Base 600,9990.0,ATX Mid Tower,Black,,Tempered Glass,2,3
Fractal Design Meshify 2 Compact Lite,11391.0,ATX Mid Tower,White,,Tempered Glass,0,2
SSUPD Meshlicious,21892.0,Mini ITX Tower,Black,,Tempered Glass,0,0
Antec DF700 FLUX,8999.0,ATX Mid Tower,White,,Tempered Glass,0,3
NZXT S340 Elite,9999.0,ATX Mid Tower,White,,Tempered Glass,0,2
Silverstone SG13 V2,6299.0,Mini ITX Tower,Pink,,,0,1
Thermaltake Core P1,20068.0,Mini ITX Tower,Black,,Tempered Glass,0,1
Thermaltake View 71 TG Snow,19899.0,ATX Full Tower,White,,Acrylic,0,7
Apevia Enzo,6998.0,ATX Mid Tower,Pink,,Tempered Glass,0,3
Thermaltake S300 Tempered Glass Edition,10598.0,ATX Mid Tower,Black,,Tempered Glass,0,2
Phanteks Evolv Shift 2,6998.999999999999,Mini ITX Tower,Black,,Tempered Glass,0,1
be quiet! Pure Base 500,8490.0,ATX Mid Tower,Gray,,,0,2
Vetroo AL600,10999.0,ATX Mid Tower,White,,Tempered Glass,0,3
Aerocool Shard,47700.0,ATX Mid Tower,Black,,Acrylic,0,2
Cooler Master MasterBox 540,13199.0,ATX Mid Tower,Black,,Tempered Glass,0,2
Cooler Master MasterBox MB511 RGB,12041.0,ATX Mid Tower,Black,,Tempered Glass,0,2
Thermaltake S300 Tempered Glass Snow Edition,9999.0,ATX Mid Tower,White,,Tempered Glass,0,2
In Win A3,9500.0,MicroATX Mini Tower,Black,,Tempered Glass,0,2
Gigabyte AORUS C300,16999.0,ATX Mid Tower,Black,,Tinted Tempered Glass,0,2
MagniumGear NEO QUBE 2 Infinity Mirror,10999.0,ATX Mid Tower,White,,Tempered Glass,0,2
be quiet! Silent Base 601,13990.0,ATX Mid Tower,Black,,,0,3
MSI MPG Sekira 500P,9999.0,ATX Mid Tower,Black,,Tempered Glass,0,6
Aerocool Bolt Mini Glass,13165.0,MicroATX Mini Tower,Black,,Tempered Glass,0,2
DIYPC F2,4589.0,MicroATX Mini Tower,Black / Purple,,Acrylic,0,2
Antec TORQUE,40598.0,ATX Mid Tower,White,,Tempered Glass,0,1
Cooler Master MasterBox NR200P,25700.0,Mini ITX Desktop,Purple,,Tempered Glass,0,2
Silverstone FARA R1,7748.0,ATX Mid Tower,White / Black,,Tempered Glass,0,1
Fractal Design Node 202,15999.0,HTPC,Black,450.0,,0,0
HYTE Y60 Hakos Baelz,28000.0,ATX Mid Tower,Red / Black,,Tempered Glass,0,2
be quiet! Silent Base 802,16990.0,ATX Mid Tower,White,,,0,3
Thermaltake Core P6,19999.0,ATX Mid Tower,Black,,Tempered Glass,0,4
In Win BQ656T.AD150TB3,8098.0,Mini ITX Tower,Black,150.0,,0,0
Azza Celesta 340F,6998.0,ATX Mid Tower,Black,,Tempered Glass,0,2
Apex TX-606-U3,8818.0,MicroATX Mid Tower,Black,300.0,,2,5
Cougar PANZER MAX-G,16999.0,ATX Full Tower,Black,,Tempered Glass,2,2
Fractal Design Core 1000,5866.0,MicroATX Mini Tower,Black,,,2,2
Antec P20CE,10499.0,ATX Mid Tower,Black,,,0,2
Apevia Genesis Pro,8999.0,ATX Mid Tower,Pink,,Tempered Glass,0,3
Jonsbo N2,14500.0,Mini ITX Desktop,White,,,0,5
be quiet! Pure Base 500,9490.0,ATX Mid Tower,White,,Tempered Glass,0,2
Fractal Design Meshify 2 Lite,9998.0,ATX Mid Tower,Black,,Tempered Glass,0,2
Antec NX210,8661.0,ATX Mid Tower,Black,,Tempered Glass,0,1
Jonsbo D31 STD,8199.0,MicroATX Mini Tower,White,,Tempered Glass,0,1
Thermaltake CTE C750 Air ARGB,17999.0,ATX Mid Tower,Black,,Tempered Glass,0,7
Silverstone ML05B,6509.0,HTPC,Black,,,0,0
Apevia Enzo,6498.0,ATX Mid Tower,White,,Tempered Glass,0,3
Fractal Design Define 7,32491.000000000004,ATX Mid Tower,White,,Tempered Glass,1,6
Thermaltake The Tower 200,13980.000000000002,Mini ITX Tower,White,,Tempered Glass,0,2
Fractal Design Define 7 XL Light,43986.0,ATX Full Tower,Black,,Tempered Glass,2,6
MSI MAG FORGE 111R,16507.0,ATX Mid Tower,Black,,Tempered Glass,0,2
Phanteks Evolv X,21499.0,ATX Mid Tower,White,,Tempered Glass,0,4
Zalman Z3 Iceberg,24371.0,ATX Mid Tower,White,,Tempered Glass,0,2
Silverstone FARA H1M,7659.0,MicroATX Mini Tower,Black,,,0,2
Apevia CRUSADER-F-PK,7798.0,ATX Mid Tower,Pink,,Tempered Glass,0,2
ADATA XPG STARKER AIR,8999.0,ATX Mid Tower,Black,,Tempered Glass,0,2
Thermaltake Core W100,35998.0,ATX Full Tower,Black,,Acrylic,3,10
Thermaltake View 200 TG ARGB,7998.0,ATX Mid Tower,Black,,Tempered Glass,0,2
Corsair Carbide Series SPEC-04,30266.000000000004,ATX Mid Tower,Black / Red,,Acrylic,0,3
Cooler Master HAF 500,9808.0,ATX Mid Tower,White,,Tempered Glass,0,2
Silverstone ML03B,10202.0,HTPC,Black,,,1,2
Corsair Crystal Series 280X,14587.0,MicroATX Mid Tower,Black,,Tempered Glass,0,2
Jonsbo VR4,8699.0,ATX Mid Tower,Black,,Mesh,0,2
Silverstone RVZ03,13902.000000000002,Mini ITX Desktop,Black,,,0,0
BitFenix Tracery,8990.0,ATX Mid Tower,White,,Tempered Glass,0,4
Enermax MarbleShell M MS20 ARGB,4999.0,MicroATX Mini Tower,Black,,Tempered Glass,0,2
Thermaltake AH T600 Snow,29999.0,ATX Full Tower,White / Black,,Tempered Glass,0,2
Antec Dark Phantom DP502 Flux,7498.999999999999,ATX Mid Tower,Black,,Tempered Glass,1,3
Thermaltake Versa H15,15600.0,MicroATX Mid Tower,Black,,Acrylic,1,3
Silverstone Milo 12,18582.0,HTPC,Black,,Mesh,0,0
Cougar MX331 MESH-X,5498.0,ATX Mid Tower,Black,,,1,2
Vetroo AL600,10999.0,ATX Mid Tower,Black,,Tempered Glass,0,3
Silverstone SUGO 15,20372.0,Mini ITX Desktop,Black,,,0,0
Silverstone RM42-502,34026.0,ATX Mid Tower,Black,,,2,0
Fractal Design Define 7 Compact,18138.0,ATX Mid Tower,Black,,Tempered Glass,0,2
Silverstone DS380B,21218.0,Mini ITX Tower,Black,,,0,0
Fractal Design Pop Silent,21636.0,ATX Mid Tower,Black,,Tempered Glass,2,2
Antec NX100,6856.0,ATX Mid Tower,Black / Gray,,Acrylic,0,2
MSI MPG Quietude 100S,12704.0,ATX Mid Tower,Black,,Tempered Glass,0,2
Silverstone SG13,6825.0,Mini ITX Tower,White / Black,,,0,1
GameMax Contac Turbo COC,5991.0,ATX Mid Tower,Black / Gray,,Tempered Glass,0,2
Lian Li PC-O11 Air,14300.0,ATX Full Tower,Black,,Tempered Glass,0,3
Fractal Design Meshify 2,32207.0,ATX Mid Tower,Gray,,Tinted Tempered Glass,0,6
Thermaltake The Tower 100,9999.0,Mini ITX Tower,Turquoise / Black,,Tempered Glass,0,2
Thermaltake Divider 370 TG ARGB,10998.0,ATX Mid Tower,Black,,Tempered Glass,0,2
Phanteks Evolv Shift 2,6998.999999999999,Mini ITX Tower,Gray,,Tempered Glass,0,1
Corsair Obsidian Series 500D Premium,23133.0,ATX Mid Tower,Black,,Tinted Tempered Glass,0,2
Azza Aero,9499.0,ATX Mid Tower,Black,,Mesh,0,2
RAIJINTEK PONOS MS,5999.0,ATX Mid Tower,Black,,Tempered Glass,0,3
Silverstone Sugo SG11,11672.0,MicroATX Mini Tower,Black,,,1,3
GAMDIAS ATHENA M6,7998.0,ATX Mid Tower,Black,,Tempered Glass,0,2
Fractal Design Define 7,17612.0,ATX Mid Tower,Black / White,,Tempered Glass,1,6
Gigabyte C301 GLASS,9499.0,ATX Mid Tower,White,,Tempered Glass,0,2
Segotep Phoenix T1,16999.0,ATX Mid Tower,Black,,Tempered Glass,0,2
ADATA XPG VALOR AIR,7498.999999999999,ATX Mid Tower,White,,Tempered Glass,0,3
be quiet! Dark Base 900,22765.0,ATX Full Tower,Black,,,2,7
KOLINK Citadel Mesh RGB,42100.0,MicroATX Mini Tower,White,,Tempered Glass,0,2
ADATA XPG Battlecruiser,15499.0,ATX Mid Tower,White / Black,,Tempered Glass,0,2
RAIJINTEK Silenos,5499.0,ATX Mid Tower,Black,,Tempered Glass,0,2
Antec DF800 FLUX,10999.0,ATX Mid Tower,White,,Tempered Glass,0,3
Apevia Genesis-WH,8098.0,ATX Mid Tower,White / Black,,Tempered Glass,0,3
Silverstone Sugo 16,8899.0,Mini ITX Tower,White,,,0,1
Silverstone FARA H1M PRO,9840.0,MicroATX Mini Tower,Black,,Tempered Glass,0,2
darkFlash DLC29,7598.0,ATX Mid Tower,White,,,0,2
Apevia Prodigy,7498.0,MicroATX Mini Tower,White,,Tempered Glass,0,2
In Win EM048,9600.0,MicroATX Mini Tower,Black,,,2,1
Zalman S5,6998.0,ATX Mid Tower,White / Black,,Tempered Glass,0,2
Azza Pyramid L,39999.0,ATX Mid Tower,Gray / Black,,Tempered Glass,0,1
Antec TORQUE,37999.0,ATX Mid Tower,Black / Red,,Tempered Glass,0,1
Silverstone PS15,7103.0,MicroATX Mid Tower,Black,,Tempered Glass,0,1
Thermaltake The Tower 100,14997.999999999998,Mini ITX Tower,Gold,,Tempered Glass,0,2
NOX Hummer TGM,14985.0,ATX Mid Tower,,,Tempered Glass,0,2
Silverstone SUGO 14,24739.0,Mini ITX Desktop,Black / Yellow,,,1,0
MagniumGear NEO AIR (2023),6998.999999999999,ATX Mid Tower,Black,,Tempered Glass,0,2
Silverstone RVZ01B,13124.0,Mini ITX Desktop,Black,,,0,1
Cooler Master MB600L ODD,7998.0,ATX Mid Tower,Black / Red,,Acrylic,1,2
Lian Li TU150,12500.0,Mini ITX Desktop,Silver,,,0,1
Apevia Genesis Pro,8999.0,ATX Mid Tower,Black,,Tempered Glass,0,3
BitFenix Tracery,8990.0,ATX Mid Tower,Black,,Tempered Glass,0,4
GAMDIAS TALOS E1,5999.0,MicroATX Mini Tower,Black,,Tempered Glass,0,1
Cooler Master Elite 241,5999.0,ATX Mini Tower,Black,400.0,,1,2
MSI MPG SEKIRA 500X,48353.0,ATX Mid Tower,Black,,Tempered Glass,0,4
Corsair SPEC-OMEGA RGB,37525.0,ATX Mid Tower,White / Black,,Tempered Glass,0,3
Silverstone FARA R1,6884.0,ATX Mid Tower,White,,,0,1
Silverstone ALTA G1M,16354.0,MicroATX Mid Tower,White,,,0,4
Vetroo AL-MESH-7C,11999.0,ATX Mid Tower,White,,Tempered Glass,0,2
In Win B1 Pure,12800.0,Mini ITX Desktop,White / Brown,200.0,,0,0
Phanteks Enthoo Primo,27499.0,ATX Full Tower,White,,Acrylic,5,6
In Win CJ712,8899.0,MicroATX Desktop,Black,265.0,,0,1
MSI MPG GUNGNIR 100,28608.0,ATX Mid Tower,Black,,Tempered Glass,0,2
Inter-Tech X-908 Infini2,61000.0,ATX Mid Tower,Black,,Tempered Glass,0,3
Fractal Design Pop Silent,21499.0,ATX Mid Tower,White,,Tempered Glass,2,2
Apevia Genesis-BK,8399.0,ATX Mid Tower,Black,,Tempered Glass,0,3
Silverstone GD09 Type-C,15519.0,HTPC,Black,,Mesh,1,2
MSI MAG VAMPIRIC 300R PACIFIC BLUE,10804.0,ATX Mid Tower,Blue,,Tempered Glass,0,2
Jonsbo VR3,12399.0,Mini ITX Tower,Black,,Mesh,0,0
Cooler Master MasterBox MB520 RGB,11799.0,ATX Mid Tower,Black,,Tempered Glass,0,2
Cougar DarkBlader X5,11041.0,ATX Mid Tower,Black,,Tempered Glass,0,2
Thermaltake Core P3,13999.0,ATX Mid Tower,Red,,Tempered Glass,0,2
MSI MPG Sekira 100P,13963.0,ATX Mid Tower,Black,,Tempered Glass,0,2
Apevia CRUSADER-F-BK,7698.0,ATX Mid Tower,Black,,Tempered Glass,0,2
Phanteks Enthoo 719,20998.0,ATX Full Tower,Gray,,Tempered Glass,0,4
Cougar Conquer 2,29999.0,ATX Mid Tower,Black / Orange,,Tempered Glass,0,2
Silverstone FARA 513 Type-C,9114.0,ATX Mid Tower,Black,,,1,2
GAMDIAS ATHENA M1 ELITE,8936.0,ATX Mid Tower,Black,,Tempered Glass,0,2
Thermaltake Divider 370 TG Snow ARGB,10998.0,ATX Mid Tower,White / Black,,Tempered Glass,0,2
Phanteks Enthoo Primo,23499.0,ATX Full Tower,Black / White,,Acrylic,5,6
Phanteks EVOLV SHIFT 2 AIR,7498.999999999999,Mini ITX Tower,Gray / Black,,,0,1
Thermaltake Versa H25,18600.0,ATX Mid Tower,Black,,Acrylic,2,3
be quiet! Silent Base 601,14990.0,ATX Mid Tower,Black,,Tempered Glass,0,3
Thermaltake Core P6,19199.0,ATX Mid Tower,Blue / Black,,Tempered Glass,0,4
Silverstone GD08B,21115.0,HTPC,Black,,,2,8
Silverstone FARA H1M PRO,9607.0,MicroATX Mini Tower,White / Black,,Tempered Glass,0,2
MSI MPG Sekira 500G,50319.0,ATX Mid Tower,Black,,Tempered Glass,0,6
ENDORFY Regnum 400 Air,54700.0,ATX Mid Tower,Black,,Tempered Glass,0,2
Silverstone FTZ01,19270.0,Mini ITX Desktop,Black,,,0,1
Fractal Design Node 202,32400.0,HTPC,Black,450.0,,0,0
Cougar Gemini S,6498.999999999999,ATX Mid Tower,Gray / Black,,Tempered Glass,0,2
Phanteks Enthoo Series Primo Aluminum,24499.0,ATX Full Tower,Black,,Acrylic,5,6
Cougar Conquer,35868.0,ATX Mid Tower,Black / Orange,,Tempered Glass,0,3
MagniumGear NEO AIR (2023),6998.999999999999,ATX Mid Tower,White / Black,,Tempered Glass,0,2
RAIJINTEK OPHION,8500.0,Mini ITX Desktop,Black,,Acrylic,0,1
be quiet! Dark Base 900,21490.0,ATX Full Tower,Black / Orange,,,2,7
KOLINK UNITY CODE X,52700.0,ATX Mid Tower,Black,,Tempered Glass,0,2
ADATA XPG DEFENDER PRO,10999.0,ATX Mid Tower,Black,,Tempered Glass,0,2
Antec P10C,13099.0,ATX Mid Tower,Black,,,1,3
BitFenix Nova Mesh SE,5920.0,ATX Mid Tower,White,,,0,2
Apex MI-008,7375.0,Mini ITX Tower,Black,250.0,,1,1
Thermaltake Divider 200 TG Air,15997.999999999998,MicroATX Mini Tower,White,,Tempered Glass,0,3
Silverstone ML08,13084.0,HTPC,Black,,Acrylic,0,0
Lian Li ODYSSEY X,19999.0,ATX Full Tower,Black,,Tempered Glass,0,3
SAMA AM07GG,14900.0,MicroATX Mid Tower,White,,Tempered Glass,0,2
Cooler Master MasterCase H100 ARGB,8098.0,Mini ITX Desktop,Black,,,0,1
Silverstone FARA R1 PRO,12109.0,ATX Mid Tower,White,,Tempered Glass,0,1
Thermaltake H570 TG ARGB,11998.0,ATX Mid Tower,White,,Tempered Glass,0,2
Antec DP505,6998.999999999999,ATX Mid Tower,White,,Tempered Glass,0,2
DIYPC ARGB-Q8-BK,4991.0,MicroATX Mid Tower,Black,,Tempered Glass,0,2
Azza Legionaire 470,10999.0,ATX Mid Tower,Black,,Mesh,0,2
RAIJINTEK Thetis,5900.0,ATX Mid Tower,Silver,,Acrylic,0,2
Thermaltake Core P5 V2,16999.0,ATX Mid Tower,Black,,Tempered Glass,0,6
Anidees AI CRYSTAL XL PRO LITE,24990.0,ATX Full Tower,Black,,Tempered Glass,12,0
Apevia Predator,7598.0,ATX Mid Tower,Black,,Tempered Glass,0,3
ADATA XPG CRUISER,9999.0,ATX Mid Tower,Black,,Tempered Glass,0,4
Silverstone ML04B,11307.0,HTPC,Black,,,1,2
ADATA XPG INVADER,10999.0,ATX Mid Tower,Black,,Tempered Glass,0,2
Thermaltake AH T600,29999.0,ATX Full Tower,Black,,Tempered Glass,0,2
Cooler Master MASTERBOX E501L,19925.0,ATX Mid Tower,Black / Blue,,,0,2
Inter-Tech IM-1 POCKET,19778.0,MicroATX Mini Tower,Black,,Mesh,0,4
Silverstone SETA A1,13999.0,ATX Mid Tower,Pink / Silver,,Tempered Glass,0,2
Cougar Archon 2 RGB,12000.0,ATX Mid Tower,Black,,Tempered Glass,0,2
Apevia Destiny Pro,9499.0,ATX Mid Tower,Pink / Black,,Tempered Glass,0,2
Thermaltake AH T200 Snow,9999.0,MicroATX Mid Tower,White,,Tempered Glass,0,2
RAIJINTEK Enyo,41696.0,ATX Full Tower,Black,,Tempered Glass,0,4
Cooler Master MasterFrame 700,32771.0,ATX Full Tower,Black,,Tempered Glass,0,4
Silverstone FARA 511Z,11259.0,ATX Mid Tower,Black,,Tempered Glass,0,2
Cougar MX430 Air RGB,8788.0,ATX Mid Tower,Black,,Tempered Glass,0,2
Cougar PANZER EVO RGB,22999.0,ATX Full Tower,Black,,Tempered Glass,0,2
SHARKOON TG6 RGB,26992.0,ATX Mid Tower,Black,,Tempered Glass,0,3
Cougar Panzer Max,21965.0,ATX Full Tower,Black,,Acrylic,2,2
In Win A5,10500.0,ATX Mid Tower,Black,,Tempered Glass,0,2
BitFenix Prodigy M 2022 ARGB,9990.0,MicroATX Mini Tower,Black / White,,Tempered Glass,0,2
PrimoChill Praxis WetBench,23499.0,ATX Test Bench,Black,,,2,4
Silverstone FARA 312Z,9769.0,MicroATX Mini Tower,Black,,Tempered Glass,0,2
Silverstone RVZ03B-ARGB,15610.0,Mini ITX Desktop,Black,,,0,0
Phanteks Eclipse P300,9999.0,ATX Mid Tower,,,Tinted Tempered Glass,0,2
Raidmax X616,7998.0,ATX Mid Tower,Black,,Tempered Glass,0,2
Vetroo K1,16999.0,ATX Mid Tower,Silver,,Tempered Glass,0,2
Cooler Master Silencio S600,13599.0,ATX Mid Tower,Black,,Tempered Glass,1,4
Linkworld 920-01C2121U,5400.0,HTPC,Black,150.0,,1,0
SHARKOON VG7-W RGB,16476.0,ATX Mid Tower,Black,,Acrylic,1,3
Lian Li ODYSSEY X,19999.0,ATX Full Tower,Silver / Black,,Tempered Glass,0,3
Apevia Genesis-PK,7998.0,ATX Mid Tower,Pink / Black,,Tempered Glass,0,3
BitFenix Enso Mesh,6990.000000000001,ATX Mid Tower,White,,Tempered Glass,0,2
Silverstone CS351,34259.0,MicroATX Desktop,Black,,,0,2
Azza Regis,39999.0,ATX Mid Tower,Black,,Tempered Glass,0,1
Silverstone RVZ02B,11075.0,HTPC,Black,,,0,1
Deepcool Quadstellar Infinity,31998.0,ATX Mid Tower,Black,,Tempered Glass,0,3
Silverstone GD07B,20078.0,HTPC,Black,,,4,5
Cooler Master MasterBox MB600L V2,51800.0,ATX Mid Tower,Black,,Tempered Glass,0,2
Apevia Destiny Pro,9399.0,ATX Mid Tower,White / Black,,Tempered Glass,0,2
ADATA XPG DEFENDER,9999.0,ATX Mid Tower,Black,,Tempered Glass,0,2
Thermaltake Level 20 GT ARGB Black Edition,27998.0,ATX Full Tower,Black,,Tempered Glass,0,7
Thermaltake View 31 TG,12997.999999999998,ATX Mid Tower,Black,,Acrylic,0,3
SHARKOON REV 200,29442.0,ATX Mid Tower,Black,,Tempered Glass,0,2
Thermaltake Ceres 300 TG ARGB,10998.0,ATX Mid Tower,Black,,Tempered Glass,0,1
MSI MAG VAMPIRIC 300R MIDNIGHT GREEN,61700.0,ATX Mid Tower,Green,,Tempered Glass,0,2
Deepcool MACUBE 310,22279.0,ATX Mid Tower,Black,,Tempered Glass,0,2
Antec P10 FLUX,8999.0,ATX Mid Tower,Black,,,1,3
Silverstone SG05BB-450-USB3.0,6825.0,Mini ITX Desktop,White,,,0,1
Streacom DA2 V2,31993.0,Mini ITX Desktop,Black,,,0,0
Cooler Master CMP 510,9699.0,ATX Mid Tower,Black,,Tempered Glass,0,2
SHARKOON VG5,14600.0,ATX Mid Tower,Black / Blue,,Acrylic,2,3
Rosewill SPECTRA X,10599.0,ATX Mid Tower,Black,,Tempered Glass,0,5
Jonsbo MOD5,29000.0,ATX Mid Tower,Gray,,Tempered Glass,0,1
Segotep Phoenix T1,16999.0,ATX Mid Tower,White,,Tempered Glass,0,2
Silverstone ML07B,9964.0,HTPC,Black,,,0,1
Silverstone PS15 PRO,19304.0,MicroATX Mid Tower,Black,,Tempered Glass,0,1
EVGA DG-85,22824.0,ATX Full Tower,Black,,Acrylic,0,2
Fractal Design Define 7 Compact,24777.0,ATX Mid Tower,Black,,Tinted Tempered Glass,0,2
Thermaltake Core P90,19388.0,ATX Mid Tower,Black,,Tinted Tempered Glass,0,3
darkFlash DLH21,9999.0,Mini ITX Tower,White,,,0,1
Antec P5,8999.0,MicroATX Mini Tower,Black,,,1,2
Jonsbo VR3,12399.0,Mini ITX Tower,White,,Mesh,0,0
Cooler Master MasterCase H500P Mesh,34937.0,ATX Mid Tower,White,,Acrylic,0,2
Enermax LIBLLUSSION LL30,6500.0,ATX Mid Tower,Black,,Tempered Glass,0,2
Apevia CRUSADER-F-WH,7698.0,ATX Mid Tower,White,,Tempered Glass,0,2
RAIJINTEK OPHION EVO,9990.0,Mini ITX Desktop,Black,,Acrylic,0,1
Thermaltake View 300 MX Snow TG ARGB,13999.0,ATX Mid Tower,White,,Tempered Glass,0,2
Azza Pyramid 804V,38999.0,ATX Mid Tower,Silver / Black,,Tempered Glass,0,1
Cougar Cratus,44705.0,ATX Mid Tower,Black,,Tempered Glass,0,2
Antec NX700,10000.0,ATX Mid Tower,Black,,Tempered Glass,0,2
Cougar MX331 MESH,6198.0,ATX Mid Tower,Black,,Acrylic,1,2
Thermaltake AH T200,12999.0,MicroATX Mid Tower,Pink / Black,,Tempered Glass,0,2
Azza Hive 450,7998.0,ATX Mid Tower,Black,,Tempered Glass,0,2
Cooler Master Silencio S400,28239.0,MicroATX Mini Tower,Black,,Tempered Glass,1,4
Montech SKY ONE MINI,9999.0,MicroATX Mini Tower,Black,,Tempered Glass,0,1
Silverstone PM01,19743.0,ATX Mid Tower,Black / Red,,Acrylic,0,4
darkFlash DLC29,12988.0,ATX Mid Tower,Black,,,0,2
Thermaltake Level 20 GT,21999.0,ATX Full Tower,Black / Silver,,Tempered Glass,0,7
Silverstone ML09,9418.0,HTPC,Black,,,0,0
ADATA XPG STARKER AIR,8655.0,ATX Mid Tower,White / Black,,Tempered Glass,0,2
ADATA XPG STARKER,8999.0,ATX Mid Tower,Black,,Tempered Glass,0,2
ADATA XPG Battlecruiser,17999.0,ATX Mid Tower,Black,,Tempered Glass,0,2
ADATA XPG INVADER,10999.0,ATX Mid Tower,White,,Tempered Glass,0,2
Thermaltake Level 20 GT RGB Plus,32999.0,ATX Full Tower,Black / Silver,,Tempered Glass,0,7
Thermaltake Versa H24,9400.0,ATX Mid Tower,Black,,,2,3
be quiet! Silent Base 601,14990.0,ATX Mid Tower,Black / Silver,,Tempered Glass,0,3
Corsair iCUE 220T RGB,32385.000000000004,ATX Mid Tower,White / Black,,Tempered Glass,0,2
SHARKOON REV 100,12316.0,ATX Mid Tower,Black,,Tempered Glass,0,3
Thermaltake Divider 200 TG,13999.0,MicroATX Mini Tower,Black,,Tempered Glass,0,3
Thermaltake Divider 200 TG Snow,13999.0,MicroATX Mini Tower,Black,,Tempered Glass,0,3
RAIJINTEK PONOS TG,5999.0,ATX Mid Tower,Black,,Tempered Glass,0,3
Thermaltake CTE C750 ARGB,19999.0,ATX Mid Tower,Black,,Tempered Glass,0,7
Fractal Design Define 7 Light,41399.0,ATX Mid Tower,Gray,,Tempered Glass,1,6
Silverstone ML06B,8641.0,HTPC,Black,,,0,0
Apevia Predator,8499.0,ATX Mid Tower,White,,Tempered Glass,0,3
In Win BK623.BH300TB3,10540.0,MicroATX Mini Tower,Black / Silver,300.0,,1,1
Antec Dark Phantom DP502 Flux,9099.0,ATX Mid Tower,White / Black,,Tempered Glass,1,3
Thermaltake View 300 MX,14497.999999999998,ATX Mid Tower,Black,,Tempered Glass,0,2
Thermaltake CTE C750 Air ARGB,17999.0,ATX Mid Tower,White,,Tempered Glass,0,7
BitFenix Prodigy M 2022 ARGB,9990.0,MicroATX Mini Tower,White / Black,,Tempered Glass,0,2
Chieftec CI-01B-OP,15500.0,MicroATX Desktop,Black,,,1,2
Antec DARK CUBE,22699.0,MicroATX Mini Tower,Black,,Tempered Glass,0,1
Apevia Matrix,7498.0,ATX Mid Tower,Black,,Tempered Glass,0,3
Streacom DA2,30006.0,Mini ITX Desktop,Silver,,,0,3
Silverstone SUGO 15,20180.0,Mini ITX Desktop,Silver,,,0,0
Apevia Predator,8699.0,ATX Mid Tower,Pink,,Tempered Glass,0,3
GAMDIAS ATHENA M2 LITE,7498.999999999999,MicroATX Mid Tower,Black,,Tempered Glass,0,2
Silverstone CS330B,19698.0,MicroATX Mini Tower,Black,,,0,4
be quiet! Silent Base 601,14990.0,ATX Mid Tower,Black / Orange,,Tempered Glass,0,3
Lian Li PC-Q37,69999.0,Mini ITX Tower,Black,,Tempered Glass,0,2
Silverstone SG13,6825.0,Mini ITX Tower,Black,,,0,1
Apevia Destiny Pro,9299.0,ATX Mid Tower,Black,,Tempered Glass,0,2
Silverstone SG05BB-450-USB3,11000.0,Mini ITX Desktop,White,300.0,,0,1
Apevia Enzo,6498.0,ATX Mid Tower,Black,,Tempered Glass,0,3
Thermaltake Divider 300 TG Air,9998.0,ATX Mid Tower,Black,,Tempered Glass,0,2
Azza Elise,6998.0,MicroATX Mid Tower,Black / Pink,,Tempered Glass,0,2
BitFenix Dawn TG,10990.0,ATX Mid Tower,Black,,Tempered Glass,0,2
RAIJINTEK Silenos Pro,7498.999999999999,ATX Mid Tower,Black,,Tempered Glass,0,2
Cooler Master MB600L,7998.0,ATX Mid Tower,Black / Red,,Acrylic,0,2
Cooler Master MasterCase SL600M Black Edition,49592.0,ATX Mid Tower,Black,,Tempered Glass,0,4
Silverstone ML04 Type-C,24375.0,HTPC,Black,,Mesh,1,2
Jonsbo V8,32400.0,Mini ITX Desktop,Black,,Mesh,0,2
Antec VSK10 Window,9056.0,MicroATX Mid Tower,Black,,Acrylic,0,2
Antec VSK3000E U3,7641.0,MicroATX Mini Tower,Black,,,2,2
Raidmax EVOL H07,6998.999999999999,ATX Mid Tower,Black,,Tempered Glass,0,2
Silverstone SG12B-V2,15950.0,MicroATX Mini Tower,Black / Blue,,,1,3
Cougar DarkBlader-S,20439.0,ATX Full Tower,Black / Red,,Tempered Glass,0,4
Silverstone PS11B,7726.000000000001,ATX Mid Tower,Black,,Acrylic,2,3
Thermaltake AH T200,13899.0,MicroATX Mid Tower,Black,,Tempered Glass,0,2
Silverstone FARA R1 PRO,10454.0,ATX Mid Tower,Black,,Tempered Glass,0,1
Azza Pyramid Mini 806,33999.0,Mini ITX Tower,Silver / Black,,Tempered Glass,0,0
Thermaltake Ceres 300 TG ARGB,10998.0,ATX Mid Tower,White,,Tempered Glass,0,1
Silverstone ML08,11974.0,HTPC,Black,,,0,0
be quiet! Silent Base 601,15129.0,ATX Mid Tower,Black / Orange,,,0,3
Cooler Master Elite 500 ODD,16110.0,ATX Mid Tower,Black,,Tempered Glass,1,2
Thermaltake H100 TG,56000.0,ATX Mid Tower,Black,,Tempered Glass,0,2
Antec NSK3100,8841.0,MicroATX Mini Tower,Black,,,2,2
Silverstone PS07B,10563.0,MicroATX Mini Tower,Black,,,2,5
Thermaltake CTE C750 ARGB,19999.0,ATX Mid Tower,White,,Tempered Glass,0,7
Zalman X3,12684.0,ATX Mid Tower,White,,Tinted Tempered Glass,0,2
RAIJINTEK PAEAN M,9999.0,MicroATX Mini Tower,Black,,Tempered Glass,0,1
Cooler Master MasterBox MB511,54500.0,ATX Mid Tower,Black,,Acrylic,0,2
Silverstone RL08BR-RGB,13804.0,MicroATX Mini Tower,Black / Red,,Tempered Glass,1,3
Thermaltake AH T200,13099.0,MicroATX Mid Tower,Green / Black,,Tempered Glass,0,2
RAIJINTEK Metis Plus,6998.999999999999,Mini ITX Tower,Black,,Acrylic,0,2
Thermaltake Level 20 RS ARGB,11999.0,ATX Mid Tower,Black,,Tempered Glass,0,3
Silverstone FARA 512Z,10854.0,ATX Mid Tower,Black,,Tempered Glass,0,2
Silverstone PS14-E,8785.0,ATX Mid Tower,Black,,Tempered Glass,1,2
Thermaltake Divider 200 TG Air Snow,15997.999999999998,MicroATX Mini Tower,White,,Tempered Glass,0,3
ADATA XPG CRUISER,8999.0,ATX Mid Tower,Black,,Tempered Glass,0,4
Thermaltake Suppressor F31 TG,10998.0,ATX Mid Tower,Black,,Tempered Glass,2,3
In Win Z583T.CQ350TB3L,10629.0,MicroATX Mini Tower,Black / Silver,350.0,,2,1
Supermicro SuperChassis 721TQ-350B2,27099.0,Mini ITX Tower,Black,350.0,,0,0
Azza Octane A,9999.0,ATX Mid Tower,Black,,Tempered Glass,0,2
Aerocool Playa Slim,15627.000000000002,MicroATX Mini Tower,Black,,,1,1
RAIJINTEK OPHION ELITE TITAN,11490.0,Mini ITX Tower,Black,,Mesh,0,3
In Win IW-MS04,15755.000000000002,Mini ITX Desktop,Black,,,0,4
Silverstone CS280B,19186.0,Mini ITX Tower,Black / Silver,,,0,0
ADATA XPG DEFENDER PRO,10825.0,ATX Mid Tower,White / Black,,Tempered Glass,0,2
Jonsbo D40,50800.0,ATX Mid Tower,Black,,Tempered Glass,0,3
Apevia Matrix,7898.0,ATX Mid Tower,Pink,,Tempered Glass,0,3
RAIJINTEK Metis Plus,6998.999999999999,Mini ITX Tower,Silver,,Acrylic,0,2
Jonsbo V11,33300.0,Mini ITX Tower,Black,,Mesh,0,0
RAIJINTEK PAEAN,15990.0,ATX Mid Tower,Black,,Tempered Glass,0,3
Silverstone TJ08B-E,15785.0,MicroATX Mini Tower,Black,,,2,4
Cougar DarkBlader X7,9225.0,ATX Mid Tower,Black,,Tempered Glass,0,2
Thermaltake Commander G33,11733.0,ATX Mid Tower,Black,,Tempered Glass,0,2
iStarUSA S-917,20791.0,Mini ITX Tower,Black,,,7,0
Chieftec BT-02B-U3-250VS (230V),20500.0,Mini ITX Tower,,250.0,,0,1
Cooler Master MasterBox MB320L ARGB,9703.0,MicroATX Mini Tower,Black,,Tempered Glass,0,2
Azza Eclipse 440,7998.0,ATX Mid Tower,Black,,Tempered Glass,0,2
BitFenix Enso Mesh 4ARGB,7990.000000000001,ATX Mid Tower,Black,,Tempered Glass,0,2
Aerocool Cronus,23428.0,ATX Mid Tower,Black,,Tempered Glass,0,3
Cougar MG140 Air RGB,11863.0,MicroATX Mini Tower,White / Black,,Tempered Glass,0,2
Cooler Master MasterCase H100,8621.0,Mini ITX Desktop,Black,,,0,1
Thermaltake Divider 500 TG ARGB Air Snow,8406.0,ATX Mid Tower,White,,Tempered Glass,0,2
Silverstone TJ04B-E,24502.0,ATX Mid Tower,Black,,,4,9
RAIJINTEK ASTERION CLASSIC,12990.0,ATX Full Tower,Silver,,Tempered Glass,0,3
Silverstone FTZ01-E,19825.0,Mini ITX Desktop,Black,,,0,0
Thermaltake Divider 500 TG ARGB,16998.0,ATX Mid Tower,Black,,Tempered Glass,0,2
G.Skill Z5i,18999.0,Mini ITX Tower,Black,,Tempered Glass,0,1
Nanoxia NXDS4B,25800.0,MicroATX Mini Tower,Black,,,2,6
RAIJINTEK Metis Plus,6998.999999999999,Mini ITX Tower,Blue,,Acrylic,0,2
Geometric Future Model 8,14990.0,ATX Mid Tower,Black / Blue,,Tinted Tempered Glass,0,6
Thermaltake Divider 500 TG ARGB Air,16998.0,ATX Mid Tower,Black,,Tempered Glass,0,2
Streacom DA2 V2,31426.0,Mini ITX Desktop,Silver,,,0,0
Cougar Dust 2,13931.0,Mini ITX Tower,Black / Gold,,Mesh,0,0
Thermaltake Core P5 TG Ti,19320.0,ATX Mid Tower,Black,,Tempered Glass,0,6
Silverstone FTZ01,18409.0,Mini ITX Desktop,Silver,,,0,1
Corsair iCUE 5000X RGB Planetary,24999.0,ATX Mid Tower,Black / Orange,,Tempered Glass,0,2
RAIJINTEK METIS EVO TGS,8999.0,Mini ITX Desktop,Black,,Tempered Glass,0,2
Thermaltake S500,12999.0,ATX Mid Tower,Black,,Tempered Glass,0,2
Thermaltake H550 TG ARGB,13000.0,ATX Mid Tower,Black,,Tempered Glass,0,2
RAIJINTEK OPHION ELITE WHITE,11990.0,Mini ITX Tower,White,,Mesh,0,3
Cougar MX330-F,10407.0,ATX Mid Tower,Black,,Acrylic,1,2
Silverstone Lucid LD03,14384.0,Mini ITX Tower,,,Tinted Tempered Glass,0,1
Thermaltake Divider 500 TG ARGB Snow,19999.0,ATX Mid Tower,White,,Tempered Glass,0,2
Chieftec BS-10B-300,27300.0,MicroATX Mini Tower,Black,300.0,,0,1
Enermax StarryKnight SK30 RGB,9999.0,ATX Mid Tower,Black,,Tempered Glass,0,2
Geometric Future Model 8,16990.0,ATX Mid Tower,Black / Silver,,Tinted Tempered Glass,0,6
Chieftec UK-02B-OP,15578.0,ATX Mid Tower,Black,,,1,2
Cougar Gemini M,10606.0,MicroATX Mini Tower,Black,,Tempered Glass,0,2
be quiet! Silent Base 600,32400.0,ATX Mid Tower,Black / Orange,,Acrylic,3,3
RAIJINTEK Thetis,11868.0,ATX Mid Tower,Silver,,,0,2
Silverstone PM02-G,13999.0,ATX Mid Tower,Black / Red,,Tempered Glass,0,3
Streacom DA2,34596.0,Mini ITX Desktop,Black,,,0,3
Silverstone SETA A1,14857.0,ATX Mid Tower,Black,,Tempered Glass,0,2
Silverstone RL06,12453.0,ATX Mid Tower,Black / Red,,Acrylic,0,3
Silverstone KL07,12693.0,ATX Mid Tower,Black,,,0,3
Thermaltake Divider 300 TG Air Snow,12997.999999999998,ATX Mid Tower,White,,Tempered Glass,0,2
Thermaltake Divider 300 ARGB Triangular,14999.0,ATX Mid Tower,Black,,Tempered Glass,0,2
Rosewill Legacy V3 Plus-B,9000.0,Mini ITX Tower,Black,,,0,1
Inter-Tech SC-4100,19400.0,Mini ITX Desktop,Black,,,0,0
Geometric Future Model 6,9490.0,ATX Mid Tower,Black / Yellow,,Tinted Tempered Glass,0,4
RAIJINTEK PAEAN PREMIUM,30489.999999999996,ATX Mid Tower,Silver,,Tempered Glass,0,2
Jonsbo TR03-A,27000.0,ATX Mid Tower,Silver,,Tempered Glass,0,3
ADATA XPG STARKER,8999.0,ATX Mid Tower,White,,Tempered Glass,0,2
Jonsbo V11,36000.0,Mini ITX Tower,Silver,,Mesh,0,0
ADATA XPG DEFENDER,10999.0,ATX Mid Tower,White / Black,,Tempered Glass,0,2
Silverstone RVZ03W-ARGB,16179.0,Mini ITX Desktop,White,,,0,0
RAIJINTEK METIS EVO TGS,8990.0,Mini ITX Desktop,Red,,Tempered Glass,0,2
RAIJINTEK Eris Evo,41696.0,ATX Full Tower,Black,,Tempered Glass,0,5
Thermaltake A500,27998.0,ATX Mid Tower,Silver / Black,,Tempered Glass,0,6
Thermaltake Commander C34 TG ARGB,7498.0,ATX Mid Tower,Black,,Tempered Glass,0,3
RAIJINTEK OPHION M EVO ALS,9480.0,MicroATX Mid Tower,Black,,,0,3
Thermaltake AH T200,12999.0,MicroATX Mid Tower,Turquoise / Black,,Tempered Glass,0,2
Cougar Dust 2,13931.0,Mini ITX Tower,Black / Gray,,Mesh,0,0
KOLINK Rocket Complex,18900.0,Mini ITX Tower,Black,,Mesh,0,0
RAIJINTEK Metis Plus,6998.999999999999,Mini ITX Tower,Red,,Acrylic,0,2
Silverstone GD10B,15178.0,HTPC,Black,,,1,2
Silverstone CS01,14999.0,Mini ITX Tower,Silver,,,0,2
be quiet! Silent Base 601,13990.0,ATX Mid Tower,Black / Silver,,,0,3
Silverstone ALTA F1,31363.0,ATX Mid Tower,Black,,Tempered Glass,0,2
Azza Opus 809,34999.0,ATX Mid Tower,Silver / Black,,Tinted Tempered Glass,0,1
Silverstone RVZ02B,12297.0,HTPC,Black / Clear,,Acrylic,0,1
Geometric Future Model 6,9990.0,ATX Mid Tower,Black / Yellow,,Tinted Tempered Glass,0,4
Jonsbo C5,43900.0,ATX Mid Tower,Black,,Tempered Glass,0,4
Silverstone Lucid LD03-AF,14999.0,Mini ITX Tower,Black,,Tempered Glass,0,1
RAIJINTEK COEUS ELITE TC,7998.999999999999,MicroATX Mini Tower,Black,,Tempered Glass,0,0
Silverstone ALTA F1,30987.0,ATX Mid Tower,Silver / Black,,Tempered Glass,0,2
RAIJINTEK Metis Plus,6998.999999999999,Mini ITX Tower,White,,Acrylic,0,2
RAIJINTEK STYX,7998.999999999999,MicroATX Mini Tower,Blue,,Acrylic,0,3
Azza Pyramid Mesh,41999.0,ATX Mid Tower,Silver / Black,,Mesh,0,1
Cooltek TG-01 RGB,50100.0,ATX Mid Tower,Black,,Tempered Glass,0,2
Azza Apollo 430,52000.0,ATX Mid Tower,Black,,Tempered Glass,0,4
Azza Zircon 7000B,16999.0,ATX Full Tower,Black,,Tempered Glass,0,5
Thermaltake Versa N26,21800.0,ATX Mid Tower,Black,,Acrylic,1,3
Silverstone PM02-G,15621.0,ATX Mid Tower,,,Tempered Glass,0,3
Azza Chroma 410,12000.0,ATX Mid Tower,Black,,Acrylic,0,2
RAIJINTEK ASTERION CLASSIC,12990.0,ATX Full Tower,Black,,Tempered Glass,0,3
RAIJINTEK METIS EVO TGS,8999.0,Mini ITX Desktop,Silver,,Tempered Glass,0,2
Chieftec BT-06B-250VS (230v),26400.0,Mini ITX Tower,,250.0,,0,1
RAIJINTEK STYX,7998.999999999999,MicroATX Mini Tower,Red,,Acrylic,0,3
Thermaltake Versa T27 TG ARGB,14841.0,ATX Mid Tower,Black,,Tempered Glass,0,2
Thermaltake Commander C31 TG Snow ARGB,8998.0,ATX Mid Tower,White / Black,,Tempered Glass,0,3
Silverstone SETA A1,13999.0,ATX Mid Tower,Silver / Black,,Tempered Glass,0,2
RAIJINTEK PAEAN C7,8267.0,ATX Mid Tower,White,,Tempered Glass,0,2
Chieftec CS-12B-300,55300.0,MicroATX Mini Tower,Black,300.0,,1,1
Chieftec CN-01B-OP,22000.0,Mini ITX Desktop,Black,,Mesh,0,3
Silverstone CS01-HS,18299.0,Mini ITX Tower,Black,,,0,0
RAIJINTEK STYX,9868.0,MicroATX Mini Tower,Black,,Acrylic,0,3
Silverstone ML02B-MXR,9999.0,HTPC,Black / Silver,120.0,,1,1
RAIJINTEK STYX,7998.999999999999,MicroATX Mini Tower,Silver,,Acrylic,0,3
Thermaltake Versa H24,20200.0,ATX Mid Tower,Black,,Acrylic,2,3
Anidees AI Atomic,8990.0,ATX Mid Tower,Black,,Mesh,0,1
RAIJINTEK METIS EVO ALS,9868.0,Mini ITX Desktop,Black,,,0,2
Geometric Future Model 8,13990.0,ATX Mid Tower,Black / White,,Tinted Tempered Glass,0,6
Geometric Future Model 8,17990.0,ATX Mid Tower,Black / Orange,,Tinted Tempered Glass,0,6
Silverstone SG04B-F,18711.0,MicroATX Mini Tower,Black,,,1,2
Chieftec UE-02B,19000.0,MicroATX Mini Tower,,,,1,1
In Win 904,20834.0,ATX Mid Tower,Black,,Tempered Glass,1,3
RAIJINTEK ASTERION PLUS,20000.0,ATX Full Tower,,,Acrylic,0,3
RAIJINTEK Thetis,11868.0,ATX Mid Tower,Black,,Acrylic,0,2
RAIJINTEK STYX,7998.999999999999,MicroATX Mini Tower,Black,,,0,3
RAIJINTEK PAEAN C7,7967.0,ATX Mid Tower,Black,,Tempered Glass,0,2
Silverstone RV05B,11120.0,ATX Mid Tower,Black,,,0,2
Silverstone RV05B-W,11584.0,ATX Mid Tower,Black,,Acrylic,0,2
Nanoxia Deep Silence 3,29133.0,ATX Mid Tower,Black / Silver,,,3,5
Silverstone CS01-HS,20828.0,Mini ITX Tower,Silver,,,0,0
RAIJINTEK Metis Plus,6998.999999999999,Mini ITX Tower,Gold,,Acrylic,0,2
RAIJINTEK METIS EVO ALS,8990.0,Mini ITX Desktop,Red,,,0,2
Azza Thor 320DH,55700.0,ATX Mid Tower,Black,,Tempered Glass,0,2
Geometric Future Model 8,13990.0,ATX Mid Tower,Black,,Tinted Tempered Glass,0,6
Thermaltake Commander C34 TG Snow ARGB,7998.0,ATX Mid Tower,White / Black,,Tempered Glass,0,3
be quiet! Silent Base 600,30100.0,ATX Mid Tower,Black / Silver,,,3,3
LC-Power Gaming 900B - Lumaxx Gloom,28613.0,ATX Mid Tower,Black,,Tempered Glass,0,2
RAIJINTEK METIS EVO TGS,10859.0,Mini ITX Desktop,White,,Tempered Glass,0,2
RAIJINTEK PAEAN MINI,9990.0,ATX Mid Tower,Black,,Tempered Glass,0,1
Cooler Master MasterBox MB400L with ODD,20235.0,MicroATX Mini Tower,Black,,Tempered Glass,0,2
Cooler Master MasterBox MB400L,20300.0,MicroATX Mini Tower,Black,,,0,2
RAIJINTEK Thetis,11868.0,ATX Mid Tower,Black,,,0,2
Chieftec BT-04B-U3-250VS (230V),20900.0,Mini ITX Tower,Black,250.0,,0,1
LC-Power Gaming 900W - Lumaxx Light,29262.0,ATX Mid Tower,White,,Tempered Glass,0,2
In Win K1 BASIC,9795.0,MicroATX Mini Tower,Black,120.0,,0,0
Thermaltake Commander C35 TG ARGB,14735.0,ATX Mid Tower,Black,,Tempered Glass,0,3
RAIJINTEK STYX,7998.999999999999,MicroATX Mini Tower,Silver,,,0,3
